outer	group	action	C	threshold	inner_ba	inner_brier	coefficient_norm
2025-01-10-15-28-50	duration	pick	10.0	0.95	0.5280701754385965	0.05755683402772156	0.35759114617820154
2025-01-10-15-28-50	duration	insert	0.1	0.75	0.5977564102564102	0.1769858538189663	0.30323615108414187
2025-01-10-15-28-50	duration	remove	0.01	0.5	0.5	0.09413995966707124	0.0015398961765804573
2025-01-10-15-28-50	state	pick	10.0	0.7	0.5464912280701755	0.0788013625447868	2.418985528162619
2025-01-10-15-28-50	state	insert	1.0	0.5	0.8060897435897436	0.11019946783560222	1.2636955590835701
2025-01-10-15-28-50	state	remove	0.1	0.9	0.7520833333333333	0.0768394809181062	0.5072899928991609
2025-01-10-15-28-50	force	pick	10.0	0.95	0.5868421052631578	0.06435194814317624	3.4651874728836782
2025-01-10-15-28-50	force	insert	10.0	0.75	0.7131410256410257	0.15669965830721452	6.6222735005448055
2025-01-10-15-28-50	force	remove	10.0	0.55	0.5923611111111111	0.10899124425544726	4.664061768200397
2025-01-10-15-28-50	state_force	pick	0.1	0.975	0.537719298245614	0.05926974900883054	0.5657132347579528
2025-01-10-15-28-50	state_force	insert	0.1	0.45	0.7708333333333333	0.1166515640586637	0.8202112297061447
2025-01-10-15-28-50	state_force	remove	0.1	0.8	0.6909722222222222	0.08239101389581832	0.5730921157684434
2025-01-10-15-28-50	state_force_duration	pick	0.1	0.975	0.537719298245614	0.05930114168936823	0.56577163716412
2025-01-10-15-28-50	state_force_duration	insert	0.1	0.45	0.7708333333333333	0.11698150304082588	0.8194776849608768
2025-01-10-15-28-50	state_force_duration	remove	0.1	0.8	0.6909722222222222	0.08248217442390508	0.5732955703254426
2025-01-10-15-28-50	state_force_peak	pick	1.0	0.95	0.5763157894736842	0.0637286230846909	1.3994321704610415
2025-01-10-15-28-50	state_force_peak	insert	10.0	0.5	0.7916666666666667	0.11604769457048095	3.9675907687639382
2025-01-10-15-28-50	state_force_peak	remove	0.1	0.85	0.7402777777777778	0.0789995544455999	0.5240552833829761
2025-01-10-17-36-05	duration	pick	10.0	0.95	0.578525641025641	0.05295401878402147	0.33929033701153516
2025-01-10-17-36-05	duration	insert	1.0	0.75	0.5611764705882353	0.1748229384882424	0.36574202081928436
2025-01-10-17-36-05	duration	remove	0.1	0.5	0.5	0.10356461041022628	0.09799572032476017
2025-01-10-17-36-05	state	pick	0.1	0.975	0.5416666666666667	0.05293157063820819	0.417192819305502
2025-01-10-17-36-05	state	insert	1.0	0.6	0.788235294117647	0.11911891991320879	1.262195056711662
2025-01-10-17-36-05	state	remove	0.1	0.85	0.6875	0.09514029565520425	0.4284175125210355
2025-01-10-17-36-05	force	pick	10.0	0.15	0.5833333333333334	0.056893582702430036	3.4804701552919455
2025-01-10-17-36-05	force	insert	10.0	0.8	0.7058823529411765	0.15486856040871166	6.486157651203691
2025-01-10-17-36-05	force	remove	0.1	0.975	0.5078125	0.10963597050431141	0.32350759436241006
2025-01-10-17-36-05	state_force	pick	0.01	0.5	0.5	0.05220479781693901	0.16960646707817537
2025-01-10-17-36-05	state_force	insert	1.0	0.5	0.7741176470588236	0.11776508825678633	2.226799000331384
2025-01-10-17-36-05	state_force	remove	0.1	0.85	0.625	0.0987652229608252	0.513440962421419
2025-01-10-17-36-05	state_force_duration	pick	0.01	0.5	0.5	0.0522216046887001	0.16942663710460945
2025-01-10-17-36-05	state_force_duration	insert	1.0	0.5	0.7741176470588236	0.11787955057680581	2.2248084689159
2025-01-10-17-36-05	state_force_duration	remove	0.1	0.85	0.625	0.09872977337075454	0.5136332996411813
2025-01-10-17-36-05	state_force_peak	pick	1.0	0.95	0.6057692307692308	0.058137816254117666	1.4054438073234052
2025-01-10-17-36-05	state_force_peak	insert	10.0	0.5	0.7741176470588236	0.12198031179262074	4.5341878954150125
2025-01-10-17-36-05	state_force_peak	remove	0.1	0.9	0.6015625	0.09817877836415288	0.4379416806871505
2025-01-10-18-31-44	duration	pick	1.0	0.975	0.5119047619047619	0.04495375396344587	0.2418763613176392
2025-01-10-18-31-44	duration	insert	1.0	0.75	0.5213585434173669	0.1825961574482028	0.2737835755063865
2025-01-10-18-31-44	duration	remove	0.01	0.5	0.5	0.09413995966707124	0.0015398961765804573
2025-01-10-18-31-44	state	pick	1.0	0.99	0.7738095238095238	0.04731320076062575	2.0582951230439015
2025-01-10-18-31-44	state	insert	1.0	0.65	0.7727591036414566	0.13285623134199687	1.2733480701274782
2025-01-10-18-31-44	state	remove	0.1	0.9	0.7520833333333333	0.0768394809181062	0.5072899928991609
2025-01-10-18-31-44	force	pick	0.01	0.5	0.5	0.044572567978244465	0.11912287011416772
2025-01-10-18-31-44	force	insert	10.0	0.75	0.7009803921568627	0.16806158720541264	5.827536919636925
2025-01-10-18-31-44	force	remove	10.0	0.55	0.5923611111111111	0.10899124425544726	4.664061768200397
2025-01-10-18-31-44	state_force	pick	0.1	0.99	0.5833333333333334	0.044443507093691964	0.5642796517692839
2025-01-10-18-31-44	state_force	insert	10.0	0.35	0.7619047619047619	0.1354641059052393	6.729674664899973
2025-01-10-18-31-44	state_force	remove	0.1	0.8	0.6909722222222222	0.08239101389581832	0.5730921157684434
2025-01-10-18-31-44	state_force_duration	pick	0.1	0.99	0.5833333333333334	0.044473781476929854	0.5647037357822972
2025-01-10-18-31-44	state_force_duration	insert	10.0	0.35	0.7619047619047619	0.13551167619198445	6.731406939990375
2025-01-10-18-31-44	state_force_duration	remove	0.1	0.8	0.6909722222222222	0.08248217442390508	0.5732955703254426
2025-01-10-18-31-44	state_force_peak	pick	1.0	0.99	0.7678571428571428	0.04725330349596745	2.0466508906513727
2025-01-10-18-31-44	state_force_peak	insert	10.0	0.65	0.7563025210084033	0.1420521707574277	4.074499197936888
2025-01-10-18-31-44	state_force_peak	remove	0.1	0.85	0.7402777777777778	0.0789995544455999	0.5240552833829761
2025-01-11-11-35-53	duration	pick	10.0	0.95	0.5376344086021505	0.05781445802096557	0.4477404498875585
2025-01-11-11-35-53	duration	insert	1.0	0.7	0.5161483253588517	0.17497269011534547	0.3281052762567367
2025-01-11-11-35-53	duration	remove	0.01	0.5	0.5	0.09413995966707124	0.0015398961765804573
2025-01-11-11-35-53	state	pick	10.0	0.99	0.6182795698924731	0.06931839982723692	2.211737298050134
2025-01-11-11-35-53	state	insert	1.0	0.55	0.7888755980861244	0.12043594938646833	1.576538615325534
2025-01-11-11-35-53	state	remove	0.1	0.9	0.7520833333333333	0.0768394809181062	0.5072899928991609
2025-01-11-11-35-53	force	pick	10.0	0.15	0.5833333333333334	0.06468584519392688	3.4247363204574386
2025-01-11-11-35-53	force	insert	10.0	0.8	0.6794258373205742	0.15787840753307347	6.010031531510921
2025-01-11-11-35-53	force	remove	10.0	0.55	0.5923611111111111	0.10899124425544726	4.664061768200397
2025-01-11-11-35-53	state_force	pick	0.1	0.975	0.5618279569892474	0.05994629851031528	0.5644003915648436
2025-01-11-11-35-53	state_force	insert	0.1	0.6	0.7529904306220095	0.12774035503961825	0.7905589843734641
2025-01-11-11-35-53	state_force	remove	0.1	0.8	0.6909722222222222	0.08239101389581832	0.5730921157684434
2025-01-11-11-35-53	state_force_duration	pick	0.1	0.975	0.5618279569892474	0.05998610688286597	0.5645318742221344
2025-01-11-11-35-53	state_force_duration	insert	1.0	0.6	0.7464114832535884	0.1206773553213123	2.368082653264617
2025-01-11-11-35-53	state_force_duration	remove	0.1	0.8	0.6909722222222222	0.08248217442390508	0.5732955703254426
2025-01-11-11-35-53	state_force_peak	pick	1.0	0.95	0.6102150537634409	0.05993832154326585	1.4172738593540601
2025-01-11-11-35-53	state_force_peak	insert	1.0	0.5	0.7661483253588517	0.12579669592239376	1.6895241157320897
2025-01-11-11-35-53	state_force_peak	remove	0.1	0.85	0.7402777777777778	0.0789995544455999	0.5240552833829761
2025-01-11-15-35-08	duration	pick	10.0	0.95	0.5189003436426116	0.05645941669504236	0.32669451136072136
2025-01-11-15-35-08	duration	insert	0.1	0.75	0.5999472573839661	0.17590897539742487	0.29708467735748656
2025-01-11-15-35-08	duration	remove	0.01	0.5	0.5	0.09413995966707124	0.0015398961765804573
2025-01-11-15-35-08	state	pick	0.1	0.975	0.5300687285223368	0.05660289902837654	0.4019764709113926
2025-01-11-15-35-08	state	insert	1.0	0.55	0.7853375527426161	0.12437730750386758	1.1921625793336093
2025-01-11-15-35-08	state	remove	0.1	0.9	0.7520833333333333	0.0768394809181062	0.5072899928991609
2025-01-11-15-35-08	force	pick	10.0	0.5	0.5781786941580757	0.06084369027223794	3.4976753928758653
2025-01-11-15-35-08	force	insert	10.0	0.8	0.712289029535865	0.15917272229204105	6.307230696236203
2025-01-11-15-35-08	force	remove	10.0	0.55	0.5923611111111111	0.10899124425544726	4.664061768200397
2025-01-11-15-35-08	state_force	pick	0.01	0.95	0.5343642611683849	0.05572834419964957	0.16520176849049922
2025-01-11-15-35-08	state_force	insert	0.1	0.5	0.7645042194092827	0.12479816704674287	0.7604319718966231
2025-01-11-15-35-08	state_force	remove	0.1	0.8	0.6909722222222222	0.08239101389581832	0.5730921157684434
2025-01-11-15-35-08	state_force_duration	pick	0.01	0.95	0.5395189003436426	0.055748685098227155	0.16503564532427856
2025-01-11-15-35-08	state_force_duration	insert	0.1	0.5	0.7645042194092827	0.12458862697107224	0.7591056551112607
2025-01-11-15-35-08	state_force_duration	remove	0.1	0.8	0.6909722222222222	0.08248217442390508	0.5732955703254426
2025-01-11-15-35-08	state_force_peak	pick	1.0	0.95	0.5798969072164948	0.06177483161633035	1.3896532766011847
2025-01-11-15-35-08	state_force_peak	insert	1.0	0.5	0.7645042194092827	0.128413896182423	1.3812603413455613
2025-01-11-15-35-08	state_force_peak	remove	0.1	0.85	0.7402777777777778	0.0789995544455999	0.5240552833829761
2025-01-13-11-31-57	duration	pick	1.0	0.975	0.5212765957446809	0.049432051006827016	0.4178009199638022
2025-01-13-11-31-57	duration	insert	10.0	0.8	0.5585839598997493	0.17031038074312957	0.3595432336043094
2025-01-13-11-31-57	duration	remove	0.01	0.5	0.5	0.09413995966707124	0.0015398961765804573
2025-01-13-11-31-57	state	pick	10.0	0.95	0.5670212765957447	0.06538979549492889	3.0719471951827053
2025-01-13-11-31-57	state	insert	1.0	0.7	0.7766290726817042	0.12355545481103224	1.1779377475030575
2025-01-13-11-31-57	state	remove	0.1	0.9	0.7520833333333333	0.0768394809181062	0.5072899928991609
2025-01-13-11-31-57	force	pick	1.0	0.975	0.597872340425532	0.053770337362659036	1.6004988753808795
2025-01-13-11-31-57	force	insert	10.0	0.85	0.6983082706766917	0.15493414192995678	6.541093134519971
2025-01-13-11-31-57	force	remove	10.0	0.55	0.5923611111111111	0.10899124425544726	4.664061768200397
2025-01-13-11-31-57	state_force	pick	0.01	0.95	0.5457446808510639	0.048804505055425704	0.1682348204612003
2025-01-13-11-31-57	state_force	insert	1.0	0.55	0.7659774436090225	0.11494142519981121	2.119465871717718
2025-01-13-11-31-57	state_force	remove	0.1	0.8	0.6909722222222222	0.08239101389581832	0.5730921157684434
2025-01-13-11-31-57	state_force_duration	pick	0.01	0.95	0.5457446808510639	0.04881885653735595	0.1681075827246243
2025-01-13-11-31-57	state_force_duration	insert	1.0	0.55	0.7659774436090225	0.11503640713333037	2.1176941762563066
2025-01-13-11-31-57	state_force_duration	remove	0.1	0.8	0.6909722222222222	0.08248217442390508	0.5732955703254426
2025-01-13-11-31-57	state_force_peak	pick	10.0	0.25	0.6	0.05715858368265471	4.498470653121256
2025-01-13-11-31-57	state_force_peak	insert	1.0	0.6	0.7725563909774436	0.12751353683236408	1.3209176475923434
2025-01-13-11-31-57	state_force_peak	remove	0.1	0.85	0.7402777777777778	0.0789995544455999	0.5240552833829761
2025-01-13-15-06-09	duration	pick	10.0	0.95	0.578525641025641	0.05295401878402147	0.33929033701153516
2025-01-13-15-06-09	duration	insert	1.0	0.75	0.5611764705882353	0.1748229384882424	0.36574202081928436
2025-01-13-15-06-09	duration	remove	0.01	0.5	0.5	0.1051357864022244	0.0017527007262110974
2025-01-13-15-06-09	state	pick	0.1	0.975	0.5416666666666667	0.05293157063820819	0.417192819305502
2025-01-13-15-06-09	state	insert	1.0	0.6	0.788235294117647	0.11911891991320879	1.262195056711662
2025-01-13-15-06-09	state	remove	0.1	0.8	0.6944444444444444	0.09328002945776757	0.49511265895527506
2025-01-13-15-06-09	force	pick	10.0	0.15	0.5833333333333334	0.056893582702430036	3.4804701552919455
2025-01-13-15-06-09	force	insert	10.0	0.8	0.7058823529411765	0.15486856040871166	6.486157651203691
2025-01-13-15-06-09	force	remove	10.0	0.65	0.5932539682539683	0.12805842670440773	4.2072323364013275
2025-01-13-15-06-09	state_force	pick	0.01	0.5	0.5	0.05220479781693901	0.16960646707817537
2025-01-13-15-06-09	state_force	insert	1.0	0.5	0.7741176470588236	0.11776508825678633	2.226799000331384
2025-01-13-15-06-09	state_force	remove	0.1	0.9	0.6775793650793651	0.09982078224662787	0.5347638486688576
2025-01-13-15-06-09	state_force_duration	pick	0.01	0.5	0.5	0.0522216046887001	0.16942663710460945
2025-01-13-15-06-09	state_force_duration	insert	1.0	0.5	0.7741176470588236	0.11787955057680581	2.2248084689159
2025-01-13-15-06-09	state_force_duration	remove	0.1	0.9	0.6775793650793651	0.09996464764365601	0.5347644969626749
2025-01-13-15-06-09	state_force_peak	pick	1.0	0.95	0.6057692307692308	0.058137816254117666	1.4054438073234052
2025-01-13-15-06-09	state_force_peak	insert	10.0	0.5	0.7741176470588236	0.12198031179262074	4.5341878954150125
2025-01-13-15-06-09	state_force_peak	remove	0.1	0.9	0.6934523809523809	0.09645264150340804	0.5049055890480639
2025-01-13-17-40-45	duration	pick	0.01	0.5	0.5	0.05590904177644452	0.016547944662385704
2025-01-13-17-40-45	duration	insert	10.0	0.75	0.5727848101265822	0.17897096764956538	0.3493571015733001
2025-01-13-17-40-45	duration	remove	0.01	0.5	0.5	0.09413995966707124	0.0015398961765804573
2025-01-13-17-40-45	state	pick	10.0	0.8	0.53125	0.07700815830754927	2.180760153217002
2025-01-13-17-40-45	state	insert	0.1	0.6	0.7790084388185654	0.12837122022456082	0.6292375416192382
2025-01-13-17-40-45	state	remove	0.1	0.9	0.7520833333333333	0.0768394809181062	0.5072899928991609
2025-01-13-17-40-45	force	pick	10.0	0.15	0.5833333333333334	0.06396806786158901	3.4498806379346574
2025-01-13-17-40-45	force	insert	10.0	0.75	0.6877637130801688	0.16121240164130812	6.383381226045139
2025-01-13-17-40-45	force	remove	10.0	0.55	0.5923611111111111	0.10899124425544726	4.664061768200397
2025-01-13-17-40-45	state_force	pick	0.01	0.95	0.5260416666666666	0.05617352311774868	0.16554154177821748
2025-01-13-17-40-45	state_force	insert	0.1	0.55	0.758175105485232	0.13168132777213307	0.7810430724039633
2025-01-13-17-40-45	state_force	remove	0.1	0.8	0.6909722222222222	0.08239101389581832	0.5730921157684434
2025-01-13-17-40-45	state_force_duration	pick	0.01	0.95	0.53125	0.056194035979662306	0.16541309441818805
2025-01-13-17-40-45	state_force_duration	insert	0.1	0.6	0.7518459915611815	0.1318178179711087	0.7805598848520616
2025-01-13-17-40-45	state_force_duration	remove	0.1	0.8	0.6909722222222222	0.08248217442390508	0.5732955703254426
2025-01-13-17-40-45	state_force_peak	pick	1.0	0.95	0.5833333333333333	0.06275374924571513	1.3747384223826302
2025-01-13-17-40-45	state_force_peak	insert	1.0	0.55	0.758175105485232	0.13537789340042813	1.4276362189272902
2025-01-13-17-40-45	state_force_peak	remove	0.1	0.85	0.7402777777777778	0.0789995544455999	0.5240552833829761
2025-01-13-17-51-11	duration	pick	10.0	0.95	0.578525641025641	0.05295401878402147	0.33929033701153516
2025-01-13-17-51-11	duration	insert	1.0	0.75	0.5611764705882353	0.1748229384882424	0.36574202081928436
2025-01-13-17-51-11	duration	remove	10.0	0.95	0.5063291139240507	0.08819026678955065	0.0318888290741394
2025-01-13-17-51-11	state	pick	0.1	0.975	0.5416666666666667	0.05293157063820819	0.417192819305502
2025-01-13-17-51-11	state	insert	1.0	0.6	0.788235294117647	0.11911891991320879	1.262195056711662
2025-01-13-17-51-11	state	remove	0.1	0.85	0.7056962025316456	0.07518026547025802	0.46976096801449824
2025-01-13-17-51-11	force	pick	10.0	0.15	0.5833333333333334	0.056893582702430036	3.4804701552919455
2025-01-13-17-51-11	force	insert	10.0	0.8	0.7058823529411765	0.15486856040871166	6.486157651203691
2025-01-13-17-51-11	force	remove	10.0	0.85	0.6305379746835442	0.08971448779695447	4.890796824126774
2025-01-13-17-51-11	state_force	pick	0.01	0.5	0.5	0.05220479781693901	0.16960646707817537
2025-01-13-17-51-11	state_force	insert	1.0	0.5	0.7741176470588236	0.11776508825678633	2.226799000331384
2025-01-13-17-51-11	state_force	remove	0.1	0.8	0.6558544303797469	0.07988174399563723	0.537408982093591
2025-01-13-17-51-11	state_force_duration	pick	0.01	0.5	0.5	0.0522216046887001	0.16942663710460945
2025-01-13-17-51-11	state_force_duration	insert	1.0	0.5	0.7741176470588236	0.11787955057680581	2.2248084689159
2025-01-13-17-51-11	state_force_duration	remove	0.1	0.8	0.6558544303797469	0.07998844423226002	0.5375107208055654
2025-01-13-17-51-11	state_force_peak	pick	1.0	0.95	0.6057692307692308	0.058137816254117666	1.4054438073234052
2025-01-13-17-51-11	state_force_peak	insert	10.0	0.5	0.7741176470588236	0.12198031179262074	4.5341878954150125
2025-01-13-17-51-11	state_force_peak	remove	0.1	0.85	0.6495253164556962	0.07589343778979883	0.4997421816476284
2025-01-13-18-32-31	duration	pick	1.0	0.975	0.5058139534883721	0.053569053533001246	0.250295078134513
2025-01-13-18-32-31	duration	insert	1.0	0.85	0.5172535211267606	0.17394704882104273	0.24835777623708896
2025-01-13-18-32-31	duration	remove	0.01	0.5	0.5	0.09413995966707124	0.0015398961765804573
2025-01-13-18-32-31	state	pick	0.01	0.5	0.5	0.05272244019792829	0.07184017381526048
2025-01-13-18-32-31	state	insert	0.1	0.8	0.796830985915493	0.11038409220956956	0.7001666069772189
2025-01-13-18-32-31	state	remove	0.1	0.9	0.7520833333333333	0.0768394809181062	0.5072899928991609
2025-01-13-18-32-31	force	pick	10.0	0.25	0.6	0.05461033734482128	4.303111424742881
2025-01-13-18-32-31	force	insert	10.0	0.75	0.6841549295774648	0.16869992472128686	5.250582780579635
2025-01-13-18-32-31	force	remove	10.0	0.55	0.5923611111111111	0.10899124425544726	4.664061768200397
2025-01-13-18-32-31	state_force	pick	10.0	0.6	0.5651162790697675	0.08020710422075167	5.770289188064762
2025-01-13-18-32-31	state_force	insert	0.1	0.7	0.7718309859154929	0.11684557340045645	0.7943488075264685
2025-01-13-18-32-31	state_force	remove	0.1	0.8	0.6909722222222222	0.08239101389581832	0.5730921157684434
2025-01-13-18-32-31	state_force_duration	pick	10.0	0.6	0.5651162790697675	0.08068977104103749	5.77141815140406
2025-01-13-18-32-31	state_force_duration	insert	0.1	0.75	0.7718309859154929	0.11699457930139665	0.7946476672648812
2025-01-13-18-32-31	state_force_duration	remove	0.1	0.8	0.6909722222222222	0.08248217442390508	0.5732955703254426
2025-01-13-18-32-31	state_force_peak	pick	10.0	0.55	0.5825581395348838	0.08051158623347637	4.4115646825006705
2025-01-13-18-32-31	state_force_peak	insert	0.1	0.8	0.7718309859154929	0.1199560911266657	0.7072491201785198
2025-01-13-18-32-31	state_force_peak	remove	0.1	0.85	0.7402777777777778	0.0789995544455999	0.5240552833829761
2025-01-13-19-04-46	duration	pick	10.0	0.95	0.5735294117647058	0.05394846834371341	0.33663089238516086
2025-01-13-19-04-46	duration	insert	10.0	0.8	0.5930946291560102	0.1651084698145342	0.45834579853217094
2025-01-13-19-04-46	duration	remove	0.01	0.5	0.5	0.09413995966707124	0.0015398961765804573
2025-01-13-19-04-46	state	pick	0.1	0.975	0.5441176470588236	0.053948112029284505	0.4127278282155942
2025-01-13-19-04-46	state	insert	1.0	0.65	0.7649616368286445	0.12439699682178676	1.178384875829847
2025-01-13-19-04-46	state	remove	0.1	0.9	0.7520833333333333	0.0768394809181062	0.5072899928991609
2025-01-13-19-04-46	force	pick	10.0	0.15	0.5833333333333334	0.058132299558657695	3.4880600366055887
2025-01-13-19-04-46	force	insert	10.0	0.75	0.70076726342711	0.14362853434484682	6.462940381927864
2025-01-13-19-04-46	force	remove	10.0	0.55	0.5923611111111111	0.10899124425544726	4.664061768200397
2025-01-13-19-04-46	state_force	pick	10.0	0.1	0.5784313725490197	0.07376257336126678	4.9624825269972295
2025-01-13-19-04-46	state_force	insert	0.1	0.55	0.7767263427109974	0.10995329566414867	0.807756576899507
2025-01-13-19-04-46	state_force	remove	0.1	0.8	0.6909722222222222	0.08239101389581832	0.5730921157684434
2025-01-13-19-04-46	state_force_duration	pick	10.0	0.1	0.5784313725490197	0.07415403588560719	4.965196448578626
2025-01-13-19-04-46	state_force_duration	insert	0.1	0.55	0.7767263427109974	0.11000473670624726	0.807550007559239
2025-01-13-19-04-46	state_force_duration	remove	0.1	0.8	0.6909722222222222	0.08248217442390508	0.5732955703254426
2025-01-13-19-04-46	state_force_peak	pick	1.0	0.95	0.6029411764705883	0.058819490340337226	1.4221539538756907
2025-01-13-19-04-46	state_force_peak	insert	0.1	0.55	0.7767263427109974	0.1140192042946766	0.7290796633701707
2025-01-13-19-04-46	state_force_peak	remove	0.1	0.85	0.7402777777777778	0.0789995544455999	0.5240552833829761
2025-01-14-10-49-57	duration	pick	10.0	0.95	0.578525641025641	0.05295401878402147	0.33929033701153516
2025-01-14-10-49-57	duration	insert	1.0	0.75	0.5611764705882353	0.1748229384882424	0.36574202081928436
2025-01-14-10-49-57	duration	remove	1.0	0.975	0.5074626865671642	0.09115788247081537	0.1654900600590411
2025-01-14-10-49-57	state	pick	0.1	0.975	0.5416666666666667	0.05293157063820819	0.417192819305502
2025-01-14-10-49-57	state	insert	1.0	0.6	0.788235294117647	0.11911891991320879	1.262195056711662
2025-01-14-10-49-57	state	remove	0.1	0.8	0.6993603411513859	0.07782588176306789	0.49341734904296086
2025-01-14-10-49-57	force	pick	10.0	0.15	0.5833333333333334	0.056893582702430036	3.4804701552919455
2025-01-14-10-49-57	force	insert	10.0	0.8	0.7058823529411765	0.15486856040871166	6.486157651203691
2025-01-14-10-49-57	force	remove	10.0	0.85	0.6321961620469083	0.08587627147966723	4.11993112273365
2025-01-14-10-49-57	state_force	pick	0.01	0.5	0.5	0.05220479781693901	0.16960646707817537
2025-01-14-10-49-57	state_force	insert	1.0	0.5	0.7741176470588236	0.11776508825678633	2.226799000331384
2025-01-14-10-49-57	state_force	remove	0.1	0.8	0.6993603411513859	0.0764231764611924	0.5655873018734913
2025-01-14-10-49-57	state_force_duration	pick	0.01	0.5	0.5	0.0522216046887001	0.16942663710460945
2025-01-14-10-49-57	state_force_duration	insert	1.0	0.5	0.7741176470588236	0.11787955057680581	2.2248084689159
2025-01-14-10-49-57	state_force_duration	remove	0.1	0.8	0.6993603411513859	0.07652377571591319	0.565629699008421
2025-01-14-10-49-57	state_force_peak	pick	1.0	0.95	0.6057692307692308	0.058137816254117666	1.4054438073234052
2025-01-14-10-49-57	state_force_peak	insert	10.0	0.5	0.7741176470588236	0.12198031179262074	4.5341878954150125
2025-01-14-10-49-57	state_force_peak	remove	0.1	0.8	0.6993603411513859	0.07583099899925502	0.5399116136811085
2025-01-14-10-57-14	duration	pick	0.01	0.5	0.5	0.05214958436739573	0.004628141035587906
2025-01-14-10-57-14	duration	insert	10.0	0.75	0.5738095238095238	0.1780438677131895	0.38043509742959253
2025-01-14-10-57-14	duration	remove	0.01	0.5	0.5	0.09413995966707124	0.0015398961765804573
2025-01-14-10-57-14	state	pick	1.0	0.99	0.5724137931034483	0.058681013279951004	1.2009143107337517
2025-01-14-10-57-14	state	insert	0.1	0.7	0.7571428571428571	0.13119676413417217	0.6251468847889725
2025-01-14-10-57-14	state	remove	0.1	0.9	0.7520833333333333	0.0768394809181062	0.5072899928991609
2025-01-14-10-57-14	force	pick	10.0	0.95	0.7218390804597701	0.06435322638226156	3.605703258587922
2025-01-14-10-57-14	force	insert	10.0	0.7	0.6880952380952381	0.15510748942833014	6.141882176290534
2025-01-14-10-57-14	force	remove	10.0	0.55	0.5923611111111111	0.10899124425544726	4.664061768200397
2025-01-14-10-57-14	state_force	pick	10.0	0.99	0.5850574712643678	0.08804098171048708	5.364797543391087
2025-01-14-10-57-14	state_force	insert	1.0	0.6	0.7476190476190476	0.1321572890886864	2.0746297157661764
2025-01-14-10-57-14	state_force	remove	0.1	0.8	0.6909722222222222	0.08239101389581832	0.5730921157684434
2025-01-14-10-57-14	state_force_duration	pick	10.0	0.99	0.5850574712643678	0.08829687391362452	5.3647895613091015
2025-01-14-10-57-14	state_force_duration	insert	1.0	0.6	0.7476190476190476	0.1321455470870994	2.0704150528028094
2025-01-14-10-57-14	state_force_duration	remove	0.1	0.8	0.6909722222222222	0.08248217442390508	0.5732955703254426
2025-01-14-10-57-14	state_force_peak	pick	1.0	0.99	0.5724137931034483	0.05826571109473077	1.366592605002451
2025-01-14-10-57-14	state_force_peak	insert	0.1	0.7	0.7333333333333334	0.13990866871549015	0.6310876191791583
2025-01-14-10-57-14	state_force_peak	remove	0.1	0.85	0.7402777777777778	0.0789995544455999	0.5240552833829761
2025-01-14-11-06-43	duration	pick	1.0	0.975	0.5485436893203883	0.045233556316757066	0.41590989518250515
2025-01-14-11-06-43	duration	insert	1.0	0.75	0.5673809523809523	0.17591282802106709	0.3666675994548737
2025-01-14-11-06-43	duration	remove	0.1	0.95	0.5078125	0.06994448162455652	0.03280975557245307
2025-01-14-11-06-43	state	pick	10.0	0.975	0.6689320388349514	0.06690200754573368	2.820451283497092
2025-01-14-11-06-43	state	insert	1.0	0.6	0.7880952380952381	0.12026812594079206	1.2541423512625343
2025-01-14-11-06-43	state	remove	1.0	0.95	0.96875	0.033200276687206036	1.685659790714859
2025-01-14-11-06-43	force	pick	0.01	0.95	0.6320388349514563	0.04449376118362718	0.16480056134007995
2025-01-14-11-06-43	force	insert	10.0	0.8	0.7035714285714285	0.15629324165757433	6.456677621096137
2025-01-14-11-06-43	force	remove	10.0	0.975	0.51875	0.09185556089176211	6.194230048687908
2025-01-14-11-06-43	state_force	pick	0.01	0.95	0.6271844660194175	0.04429186575670024	0.1748486673469411
2025-01-14-11-06-43	state_force	insert	1.0	0.5	0.7740476190476191	0.1190905543639445	2.217866014209577
2025-01-14-11-06-43	state_force	remove	1.0	0.95	0.9609375	0.03808036161484803	1.692310325583932
2025-01-14-11-06-43	state_force_duration	pick	0.01	0.95	0.6271844660194175	0.044301320134515654	0.17467829190399098
2025-01-14-11-06-43	state_force_duration	insert	1.0	0.5	0.7740476190476191	0.1192087474358993	2.215807538324338
2025-01-14-11-06-43	state_force_duration	remove	1.0	0.95	0.9609375	0.03821058812755178	1.6903291175530437
2025-01-14-11-06-43	state_force_peak	pick	1.0	0.975	0.6349514563106796	0.043206144843357004	1.3750461039287079
2025-01-14-11-06-43	state_force_peak	insert	10.0	0.5	0.7740476190476191	0.12327596603139512	4.518716363990283
2025-01-14-11-06-43	state_force_peak	remove	0.1	0.9	0.9609375	0.037521683286920446	0.7011811249627208
2025-01-14-12-05-01	duration	pick	10.0	0.95	0.5760517799352751	0.053415217185784174	0.3329587045146305
2025-01-14-12-05-01	duration	insert	1.0	0.75	0.5733333333333333	0.1758308708482192	0.3696157516704131
2025-01-14-12-05-01	duration	remove	0.01	0.5	0.5	0.11288221082515142	0.0015269990981678974
2025-01-14-12-05-01	state	pick	10.0	0.975	0.5606796116504854	0.07215405300435976	2.229484278799673
2025-01-14-12-05-01	state	insert	1.0	0.6	0.7880952380952381	0.12044556898719458	1.2579814983979738
2025-01-14-12-05-01	state	remove	0.1	0.8	0.7301587301587302	0.09442844675699896	0.4636358467535323
2025-01-14-12-05-01	force	pick	10.0	0.15	0.5833333333333334	0.05783175143477102	3.485059622788116
2025-01-14-12-05-01	force	insert	10.0	0.75	0.6911904761904761	0.15138709816839138	6.77092193593455
2025-01-14-12-05-01	force	remove	10.0	0.75	0.6031746031746031	0.14168534999727608	4.944544696574802
2025-01-14-12-05-01	state_force	pick	0.01	0.5	0.5	0.05267725867843475	0.1694401093508732
2025-01-14-12-05-01	state_force	insert	1.0	0.5	0.7740476190476191	0.11819768794573109	2.2627996535474657
2025-01-14-12-05-01	state_force	remove	0.01	0.85	0.7142857142857143	0.10490892323105036	0.17652308396353653
2025-01-14-12-05-01	state_force_duration	pick	0.01	0.5	0.5	0.05269451656298796	0.16926499203013498
2025-01-14-12-05-01	state_force_duration	insert	1.0	0.5	0.7740476190476191	0.1183015118597295	2.261236035292211
2025-01-14-12-05-01	state_force_duration	remove	0.01	0.85	0.7142857142857143	0.10498852703545142	0.176576090417645
2025-01-14-12-05-01	state_force_peak	pick	1.0	0.95	0.5946601941747574	0.05915904383757344	1.4140698793451487
2025-01-14-12-05-01	state_force_peak	insert	10.0	0.5	0.7740476190476191	0.12365948800228185	4.618237041097699
2025-01-14-12-05-01	state_force_peak	remove	0.01	0.85	0.7142857142857143	0.10342691385075152	0.1726696824826505
final	duration	pick	10.0	0.95	0.578525641025641	0.05295401878402147	0.33929033701153516
final	duration	insert	1.0	0.75	0.5611764705882353	0.1748229384882424	0.36574202081928436
final	duration	remove	0.01	0.5	0.5	0.09413995966707124	0.0015398961765804573
final	state	pick	0.1	0.975	0.5416666666666667	0.05293157063820819	0.417192819305502
final	state	insert	1.0	0.6	0.788235294117647	0.11911891991320879	1.262195056711662
final	state	remove	0.1	0.9	0.7520833333333333	0.0768394809181062	0.5072899928991609
final	force	pick	10.0	0.15	0.5833333333333334	0.056893582702430036	3.4804701552919455
final	force	insert	10.0	0.8	0.7058823529411765	0.15486856040871166	6.486157651203691
final	force	remove	10.0	0.55	0.5923611111111111	0.10899124425544726	4.664061768200397
final	state_force	pick	0.01	0.5	0.5	0.05220479781693901	0.16960646707817537
final	state_force	insert	1.0	0.5	0.7741176470588236	0.11776508825678633	2.226799000331384
final	state_force	remove	0.1	0.8	0.6909722222222222	0.08239101389581832	0.5730921157684434
final	state_force_duration	pick	0.01	0.5	0.5	0.0522216046887001	0.16942663710460945
final	state_force_duration	insert	1.0	0.5	0.7741176470588236	0.11787955057680581	2.2248084689159
final	state_force_duration	remove	0.1	0.8	0.6909722222222222	0.08248217442390508	0.5732955703254426
final	state_force_peak	pick	1.0	0.95	0.6057692307692308	0.058137816254117666	1.4054438073234052
final	state_force_peak	insert	10.0	0.5	0.7741176470588236	0.12198031179262074	4.5341878954150125
final	state_force_peak	remove	0.1	0.85	0.7402777777777778	0.0789995544455999	0.5240552833829761
