variant,training_seed,route,initial_state,success_at_end,success_once,first_success_step,first_success_at_final_step,intervention_steps,first_loss_step,uninterrupted_post_success_steps,successful_post_success_steps,final_goal_distance_mm,final_static,final_grasp,final_max_arm_velocity_rad_s,tcp_relative_displacement_mm,max_hold_tracking_error_rad,max_hold_reference_error_rad,clipped_arm_components
native,101,continued,0,1,1,31,False,0,,19,19,12.735383585095406,True,True,0.04133021831512451,0.0030997446174296783,,,0
native,101,continued,1,1,1,15,False,0,,35,35,1.7397573683410883,True,True,0.04315278306603432,0.022725835151504725,,,0
native,101,continued,2,1,1,9,False,0,,41,41,5.37956552579999,True,True,0.027208710089325905,0.013003254025534261,,,0
native,101,continued,3,1,1,14,False,0,,36,36,8.192561566829681,True,True,0.054975349456071854,0.018359500245423988,,,0
native,101,continued,4,1,1,35,False,0,,15,15,15.628349035978317,True,True,0.039226509630680084,0.009788592251425143,,,0
native,101,continued,5,1,1,12,False,0,,38,38,5.6875646114349365,True,True,0.02657056413590908,0.021838244720129296,,,0
native,101,continued,6,1,1,19,False,0,,31,31,9.341740980744362,True,True,0.040109504014253616,0.012616239473572932,,,0
native,101,continued,7,1,1,25,False,0,,25,25,14.059907756745815,True,True,0.03903162106871605,0.002178794375140569,,,0
native,101,continued,8,1,1,14,False,0,,36,36,3.6825472488999367,True,True,0.020798329263925552,0.07008778629824519,,,0
native,101,continued,9,1,1,14,False,0,,36,36,7.231262046843767,True,True,0.046728216111660004,0.026125599106308073,,,0
native,101,continued,10,1,1,11,False,0,,39,39,10.714874602854252,True,True,0.03569517657160759,0.010405696230009198,,,0
native,101,continued,11,1,1,10,False,0,,40,40,4.713017027825117,True,True,0.03623320907354355,0.008168416570697445,,,0
native,101,continued,12,1,1,22,False,0,,28,28,6.391746457666159,True,True,0.047084469348192215,0.007812820513208862,,,0
native,101,continued,13,1,1,29,False,0,,21,21,8.101684972643852,True,True,0.024624597281217575,0.014864541299175471,,,0
native,101,continued,14,1,1,22,False,0,,28,28,14.71908949315548,True,True,0.02495107799768448,0.008701261322130449,,,0
native,101,continued,15,1,1,13,False,0,,37,37,6.137379445135593,True,True,0.03462502732872963,0.018156139049096964,,,0
native,101,continued,16,1,1,21,False,0,,29,29,8.098357357084751,True,True,0.05696215480566025,0.008584034731029533,,,0
native,101,continued,17,1,1,17,False,0,,33,33,6.926714908331633,True,True,0.04679614305496216,0.020530309484456666,,,0
native,101,continued,18,1,1,15,False,0,,35,35,2.1467390470206738,True,True,0.021114952862262726,0.013118310562276747,,,0
native,101,continued,19,1,1,16,False,0,,34,34,7.0574721321463585,True,True,0.02157403901219368,0.015119809177122079,,,0
native,101,continued,20,1,1,22,False,0,,28,28,4.118501674383879,True,True,0.022625010460615158,0.01977465581148863,,,0
native,101,continued,21,1,1,9,False,0,,41,41,7.987353019416332,True,True,0.03708583861589432,0.02226996366516687,,,0
native,101,continued,22,1,1,21,False,0,,29,29,12.135151773691177,True,True,0.02132769115269184,0.0026462248570169322,,,0
native,101,continued,23,1,1,10,False,0,,40,40,9.994533844292164,True,True,0.019229011610150337,0.00899147016752977,,,0
native,101,continued,24,1,1,12,False,0,,38,38,8.230720646679401,True,True,0.026073990389704704,0.018571277905721217,,,0
native,101,continued,25,1,1,13,False,0,,37,37,10.839742608368397,True,True,0.027068670839071274,0.0127933071780717,,,0
native,101,continued,26,1,1,17,False,0,,33,33,11.251645162701607,True,True,0.03677131608128548,0.0009090940125133784,,,0
native,101,continued,27,1,1,17,False,0,,33,33,18.282486125826836,True,True,0.025495553389191628,0.006644050245085964,,,0
native,101,continued,28,1,1,15,False,0,,35,35,6.209220737218857,True,True,0.023647058755159378,0.004580669610732002,,,0
native,101,continued,29,1,1,22,False,0,,28,28,13.243250548839569,True,True,0.027178537100553513,0.006002685950079467,,,0
native,101,continued,30,1,1,14,False,0,,36,36,7.5271250680089,True,True,0.020476816222071648,0.008959258593677077,,,0
native,101,continued,31,1,1,13,False,0,,37,37,11.174785904586315,True,True,0.03054043836891651,0.003341075625939993,,,0
native,101,hold,0,1,1,31,False,19,,19,19,21.36208303272724,True,True,0.008409013040363789,0.0016622844896119204,0.0013202130794525146,0.0,0
native,101,hold,1,1,1,15,False,35,,35,35,18.610363826155663,True,True,0.04095448553562164,0.0019051773278988549,0.0007332712411880493,0.0,0
native,101,hold,2,1,1,9,False,41,,41,41,14.73128516227007,True,True,0.04216902330517769,0.006466017566708615,0.0021136440336704254,0.0,0
native,101,hold,3,1,1,14,False,36,,36,36,24.039998650550842,True,True,0.022338809445500374,0.002062629164356622,0.0018575191497802734,0.0,0
native,101,hold,4,1,1,35,False,15,,15,15,18.062766641378403,True,True,0.034403640776872635,0.003297682724223705,0.0014783218502998352,0.0,0
native,101,hold,5,1,1,12,False,38,,38,38,15.83067700266838,True,True,0.040915876626968384,0.0044394005271897186,0.0020791292190551758,0.0,0
native,101,hold,6,1,1,19,False,31,,31,31,19.913792610168457,True,True,0.01594613678753376,0.0023307272840611404,0.0009690523147583008,1.1641532182693481e-10,0
native,101,hold,7,1,1,25,False,25,,25,25,19.271424040198326,True,True,0.046303749084472656,0.002030716132139787,0.0013180486857891083,0.0,0
native,101,hold,8,1,1,14,False,36,,36,36,17.93568581342697,True,True,0.03370899707078934,0.0020130587472522166,0.0010187625885009766,0.0,0
native,101,hold,9,1,1,14,False,36,,36,36,23.410538211464882,True,True,0.039806317538022995,0.003276092911619344,0.0018171072006225586,0.0,0
native,101,hold,10,1,1,11,False,39,,39,39,8.242377080023289,True,True,0.03584764897823334,0.010352955541748088,0.0006859470158815384,0.0,0
native,101,hold,11,1,1,10,False,40,,40,40,24.68900941312313,True,True,0.03747253492474556,0.003036353291463456,0.0009777545928955078,0.0,0
native,101,hold,12,1,1,22,False,28,,28,28,16.408998519182205,True,True,0.01696767657995224,0.004236414042679826,0.001047283411026001,0.0,0
native,101,hold,13,1,1,29,False,21,,21,21,18.680088222026825,True,True,0.04276137053966522,0.0022119777440821053,0.0014592260122299194,0.0,0
native,101,hold,14,1,1,22,False,28,,28,28,17.756061628460884,True,True,0.0384339801967144,0.003656505441540503,0.001190975308418274,0.0,0
native,101,hold,15,1,1,13,False,37,,37,37,17.207032069563866,True,True,0.03108554519712925,0.010499027666810434,0.002405473729595542,2.3283064365386963e-10,0
native,101,hold,16,1,1,21,False,29,,29,29,18.09568703174591,True,True,0.04915272817015648,0.005302656518324511,0.0019054412841796875,0.0,0
native,101,hold,17,1,1,17,False,33,,33,33,17.895450815558434,True,True,0.011289137415587902,0.0030001754112163326,0.0009621083736419678,0.0,0
native,101,hold,18,1,1,15,False,35,,35,35,19.12146434187889,True,True,0.04459264129400253,0.0037756076380901504,0.0007373914122581482,0.0,0
native,101,hold,19,1,1,16,False,34,,34,34,19.35615949332714,True,True,0.009262620471417904,0.004141245426581008,0.0011633038520812988,0.0,0
native,101,hold,20,1,1,22,False,28,,28,28,19.531238824129105,True,True,0.04026172310113907,0.0027648252398648765,0.0013462603092193604,0.0,0
native,101,hold,21,1,1,9,False,41,,41,41,7.100419141352177,True,True,0.04835477098822594,0.009043339559866581,0.0006158538162708282,0.0,0
native,101,hold,22,1,1,21,False,29,,29,29,18.225764855742455,True,True,0.020736094564199448,0.004487687874643598,0.001308441162109375,5.820766091346741e-11,0
native,101,hold,23,1,1,10,False,40,,40,40,11.521641165018082,True,True,0.034668613225221634,0.007088310667313635,0.0011058449745178223,0.0,0
native,101,hold,24,1,1,12,False,38,,38,38,15.848308801651001,True,True,0.02454312890768051,0.02294881414854899,0.004170771688222885,0.0,0
native,101,hold,25,1,1,13,False,37,,37,37,22.637268528342247,True,True,0.01311100646853447,0.0070936330303084105,0.0021674931049346924,0.0,0
native,101,hold,26,1,1,17,False,33,,33,33,14.245117083191872,True,True,0.044344186782836914,0.0009932953162206104,0.001019548624753952,0.0,0
native,101,hold,27,1,1,17,False,33,,33,33,20.763086155056953,True,True,0.03220701217651367,0.004703657396021299,0.0013391375541687012,0.0,0
native,101,hold,28,1,1,15,False,35,,35,35,16.874555498361588,True,True,0.04185538738965988,0.003953945451939944,0.0006264960393309593,0.0,0
native,101,hold,29,1,1,22,False,28,,28,28,16.83429256081581,True,True,0.03567034378647804,0.0018746161458693678,0.0012892689555883408,5.820766091346741e-11,0
native,101,hold,30,1,1,14,False,36,,36,36,17.914433032274246,True,True,0.04324536398053169,0.005767012680735206,0.0008377078920602798,0.0,0
native,101,hold,31,1,1,13,False,37,,37,37,11.367387138307095,True,True,0.03142036125063896,0.005115369276609272,0.0011942088603973389,0.0,0
native,202,continued,0,0,1,39,False,0,48,8,8,27.004951611161232,True,True,0.07664657384157181,0.003944813670386793,,,0
native,202,continued,1,1,1,16,False,0,,34,34,22.39072322845459,True,True,0.030371472239494324,0.027639987820293754,,,0
native,202,continued,2,1,1,10,False,0,,40,40,14.00274783372879,True,True,0.03858707472681999,0.018015884052147157,,,0
native,202,continued,3,1,1,15,False,0,,35,35,10.373095981776714,True,True,0.0366467647254467,0.022389016521628946,,,0
native,202,continued,4,0,1,41,False,0,45,3,3,34.51881185173988,True,True,0.06504343450069427,0.025993111194111407,,,0
native,202,continued,5,1,1,12,False,0,,38,38,14.305911026895046,True,True,0.04552708566188812,0.020351722923805937,,,0
native,202,continued,6,1,1,19,False,0,,31,31,11.602797545492649,True,True,0.015873007476329803,0.002670510184543673,,,0
native,202,continued,7,0,1,27,False,0,50,22,22,25.184035301208496,True,True,0.06513819098472595,0.004226502824167255,,,0
native,202,continued,8,0,1,16,False,0,47,30,30,26.34839341044426,True,True,0.036414872854948044,0.00598592305323109,,,0
native,202,continued,9,1,1,12,False,0,,38,38,7.949843071401119,True,True,0.024818390607833862,0.04486639954848215,,,0
native,202,continued,10,1,1,11,False,0,,39,39,6.280206143856049,True,True,0.04426091909408569,0.010816333997354377,,,0
native,202,continued,11,1,1,9,False,0,,41,41,7.758623454719782,True,True,0.02253926545381546,0.021233357983874157,,,0
native,202,continued,12,1,1,24,False,0,,26,26,16.519907861948013,True,True,0.023016003891825676,0.015207157957775053,,,0
native,202,continued,13,1,1,35,False,0,,15,15,10.745946317911148,True,True,0.07075947523117065,0.005699490429833531,,,0
native,202,continued,14,0,1,24,False,0,38,13,13,36.94533556699753,True,True,0.052907828241586685,0.007543307674495736,,,0
native,202,continued,15,1,1,13,False,0,,37,37,11.062020435929298,True,True,0.015859296545386314,0.006280346042331075,,,0
native,202,continued,16,0,1,23,False,0,47,23,23,26.473473757505417,True,True,0.04863797500729561,0.017428164937882684,,,0
native,202,continued,17,1,1,19,False,0,,31,31,21.82202599942684,True,True,0.03252449631690979,0.006299142569332616,,,0
native,202,continued,18,1,1,17,False,0,,33,33,13.775017112493515,True,True,0.035922545939683914,0.005142443114891648,,,0
native,202,continued,19,1,1,17,False,0,,33,33,22.98348769545555,True,True,0.03229498863220215,0.006032185865478823,,,0
native,202,continued,20,1,1,24,False,0,,26,26,21.35320194065571,True,True,0.044690437614917755,0.002892480097216321,,,0
native,202,continued,21,1,1,9,False,0,,41,41,8.459487929940224,True,True,0.03948136046528816,0.012074196092726197,,,0
native,202,continued,22,1,1,24,False,0,,26,26,23.46067689359188,True,True,0.0442863367497921,0.002324298293387983,,,0
native,202,continued,23,1,1,10,False,0,,40,40,10.079092346131802,True,True,0.03138737380504608,0.012288630387047306,,,0
native,202,continued,24,1,1,12,False,0,,38,38,16.227925196290016,True,True,0.024645395576953888,0.022389822333934717,,,0
native,202,continued,25,1,1,15,False,0,,35,35,12.835630215704441,True,True,0.03240734711289406,0.01148740830103634,,,0
native,202,continued,26,1,1,18,False,0,,32,32,14.023148454725742,True,True,0.03945909067988396,0.017573373042978346,,,0
native,202,continued,27,0,1,20,False,0,46,25,25,26.40344388782978,True,True,0.048106662929058075,0.025947221729438752,,,0
native,202,continued,28,1,1,16,False,0,,34,34,12.670370750129223,True,True,0.03033382259309292,0.0058856048781308345,,,0
native,202,continued,29,0,1,24,False,0,49,24,24,26.025131344795227,True,True,0.05199863016605377,0.006764465069863945,,,0
native,202,continued,30,1,1,17,False,0,,33,33,8.010969497263432,True,True,0.022804178297519684,0.006705306986987125,,,0
native,202,continued,31,1,1,13,False,0,,37,37,6.793253589421511,True,True,0.04128584265708923,0.0402281220885925,,,0
native,202,hold,0,1,1,39,False,11,,11,11,23.251358419656754,True,True,0.02103443071246147,0.004606246875482611,0.0006281137466430664,0.0,0
native,202,hold,1,1,1,16,False,34,,34,34,16.608761623501778,True,True,0.03497927635908127,0.0022413121314457385,0.0008500516414642334,0.0,0
native,202,hold,2,1,1,10,False,40,,40,40,12.137164361774921,True,True,0.05141029506921768,0.016707490431144834,0.0019876863807439804,0.0,0
native,202,hold,3,1,1,15,False,35,,35,35,21.916428580880165,True,True,0.03869445621967316,0.000535705737547687,0.001885831356048584,0.0,0
native,202,hold,4,1,1,41,False,9,,9,9,17.753422260284424,True,True,0.016936346888542175,0.008401800187129993,0.0010646432638168335,0.0,0
native,202,hold,5,1,1,12,False,38,,38,38,22.03427068889141,True,True,0.04033851996064186,0.004903602075501112,0.0021201372146606445,0.0,0
native,202,hold,6,1,1,19,False,31,,31,31,20.437030121684074,True,True,0.010323935188353062,0.00037474481473509513,0.0009961482137441635,0.0,0
native,202,hold,7,1,1,27,False,23,,23,23,21.34578488767147,True,True,0.02898063138127327,0.004684699433710193,0.000781625509262085,0.0,0
native,202,hold,8,1,1,16,False,34,,34,34,14.534506015479565,True,True,0.04149683564901352,0.003385341869943659,0.0009128153324127197,0.0,0
native,202,hold,9,1,1,12,False,38,,38,38,23.400267586112022,True,True,0.026753515005111694,0.007831232323951554,0.001393735408782959,0.0,0
native,202,hold,10,1,1,11,False,39,,39,39,6.818557158112526,True,True,0.031181251630187035,0.010173354894504882,0.0010793991386890411,0.0,0
native,202,hold,11,1,1,9,False,41,,41,41,24.398792535066605,True,True,0.03812265023589134,0.0037665922718588263,0.0008210614323616028,0.0,0
native,202,hold,12,1,1,24,False,26,,26,26,19.419902935624123,True,True,0.021839598193764687,0.0017052396970029804,0.0011528469622135162,0.0,0
native,202,hold,13,1,1,35,False,15,,15,15,23.464862257242203,True,True,0.024434735998511314,0.004658572379412362,0.0010788440704345703,0.0,0
native,202,hold,14,1,1,24,False,26,,26,26,4.827332217246294,True,True,0.01890391670167446,0.005499967755895341,0.0008509010076522827,0.0,0
native,202,hold,15,1,1,13,False,37,,37,37,20.33994160592556,True,True,0.009485440328717232,0.006328981271508383,0.0007817507721483707,0.0,0
native,202,hold,16,1,1,23,False,27,,27,27,18.956420943140984,True,True,0.023399051278829575,0.006464864782174118,0.0009015053510665894,0.0,0
native,202,hold,17,1,1,19,False,31,,31,31,14.667579904198647,True,True,0.021012024953961372,0.0028025126539432677,0.0010448992252349854,0.0,0
native,202,hold,18,1,1,17,False,33,,33,33,19.054125994443893,True,True,0.038086310029029846,0.002819504061335465,0.0011032521724700928,0.0,0
native,202,hold,19,1,1,17,False,33,,33,33,14.270524494349957,True,True,0.0035119366366416216,0.0031103052151593147,0.0014165043830871582,0.0,0
native,202,hold,20,1,1,24,False,26,,26,26,13.675342313945293,True,True,0.027065962553024292,0.002352116780457436,0.001245543360710144,0.0,0
native,202,hold,21,1,1,9,False,41,,41,41,16.220426186919212,True,True,0.041532088071107864,0.006637718342972221,0.001053929328918457,0.0,0
native,202,hold,22,1,1,24,False,26,,26,26,21.538611501455307,True,True,0.023531615734100342,0.002076072632917203,0.0010528862476348877,0.0,0
native,202,hold,23,1,1,10,False,40,,40,40,9.464923292398453,True,True,0.033753495663404465,0.010591587852104567,0.0008653831318952143,1.1641532182693481e-10,0
native,202,hold,24,1,1,12,False,38,,38,38,22.208869457244873,True,True,0.022470712661743164,0.021475078028743155,0.006018843036144972,0.0,0
native,202,hold,25,1,1,15,False,35,,35,35,16.785498708486557,True,True,0.04123697429895401,0.004065207122039283,0.0008105188608169556,0.0,0
native,202,hold,26,1,1,18,False,32,,32,32,16.53694175183773,True,True,0.0423816442489624,0.011713382264133543,0.0011024624109268188,0.0,0
native,202,hold,27,1,1,20,False,30,,30,30,22.056831046938896,True,True,0.02823057398200035,0.0024574144390498986,0.001359403133392334,0.0,0
native,202,hold,28,1,1,16,False,34,,34,34,18.71681585907936,True,True,0.0431869812309742,0.0016257930610663607,0.000973045825958252,0.0,0
native,202,hold,29,1,1,24,False,26,,26,26,13.667118735611439,True,True,0.0437406450510025,0.0036831293073191773,0.00145798921585083,0.0,0
native,202,hold,30,1,1,17,False,33,,33,33,11.70478668063879,True,True,0.03207584097981453,0.005744695044995751,0.0007585138082504272,0.0,0
native,202,hold,31,1,1,13,False,37,,37,37,15.805192291736603,True,True,0.024458324536681175,0.004720620381704066,0.0015586018562316895,0.0,0
native,303,continued,0,1,1,44,False,0,,6,6,9.401209652423859,True,True,0.08445551246404648,0.023507411242462695,,,0
native,303,continued,1,1,1,15,False,0,,35,35,19.84681561589241,True,True,0.045080214738845825,0.00528992359249969,,,0
native,303,continued,2,1,1,9,False,0,,41,41,2.4437401443719864,True,True,0.05369497835636139,0.01098790016840212,,,0
native,303,continued,3,1,1,17,False,0,,33,33,4.79819905012846,True,True,0.034464891999959946,0.009998183486459311,,,0
native,303,continued,4,0,0,,False,0,,,,346.75875306129456,False,False,0.49145692586898804,,,,0
native,303,continued,5,1,1,16,False,0,,34,34,12.201137840747833,True,True,0.03516307473182678,0.01330304985458497,,,0
native,303,continued,6,1,1,19,False,0,,31,31,8.12884233891964,True,True,0.02026008442044258,0.01043013617163524,,,0
native,303,continued,7,1,1,27,False,0,,23,23,10.135467164218426,True,True,0.03024986758828163,0.00625834627498989,,,0
native,303,continued,8,1,1,15,False,0,,35,35,14.609364792704582,True,True,0.04340978339314461,0.027311183657729998,,,0
native,303,continued,9,1,1,16,False,0,,34,34,4.561952315270901,True,True,0.03778640925884247,0.005807593879580963,,,0
native,303,continued,10,1,1,11,False,0,,39,39,14.725531451404095,True,True,0.03120565041899681,0.013320047401066404,,,0
native,303,continued,11,1,1,12,False,0,,38,38,5.342353135347366,True,True,0.050743117928504944,0.010405819011793938,,,0
native,303,continued,12,1,1,24,False,0,,26,26,15.321825630962849,True,True,0.03746083378791809,0.014029344129085075,,,0
native,303,continued,13,1,1,31,False,0,,19,19,12.598579749464989,True,True,0.03206298500299454,0.015489757061004639,,,0
native,303,continued,14,1,1,24,False,0,,26,26,22.586526349186897,True,True,0.021885497495532036,0.006519385806313949,,,0
native,303,continued,15,1,1,13,False,0,,37,37,6.414033006876707,True,True,0.048809655010700226,0.010726007531047799,,,0
native,303,continued,16,0,1,24,False,0,25,0,0,224.3451029062271,False,True,0.6641541719436646,10.44169906526804,,,0
native,303,continued,17,1,1,18,False,0,,32,32,21.864604204893112,True,True,0.03120233118534088,0.006410647074517328,,,0
native,303,continued,18,1,1,17,False,0,,33,33,14.28269874304533,True,True,0.037975188344717026,0.004947555225953693,,,0
native,303,continued,19,1,1,16,False,0,,34,34,21.24520018696785,True,True,0.03598599135875702,0.004327298938733293,,,0
native,303,continued,20,1,1,23,False,0,,27,27,20.647242665290833,True,True,0.04154301434755325,0.004030981472169515,,,0
native,303,continued,21,1,1,9,False,0,,41,41,13.44360876828432,True,True,0.051700957119464874,0.007994794941623695,,,0
native,303,continued,22,1,1,23,False,0,,27,27,14.315648004412651,True,True,0.017882613465189934,0.007290921985259047,,,0
native,303,continued,23,1,1,10,False,0,,40,40,11.272057890892029,True,True,0.0486534982919693,0.0159926221385831,,,0
native,303,continued,24,1,1,12,False,0,,38,38,5.575006827712059,True,True,0.05476519465446472,0.01010336109175114,,,0
native,303,continued,25,1,1,14,False,0,,36,36,19.120553508400917,True,True,0.04567250609397888,0.0025577060114301275,,,0
native,303,continued,26,1,1,17,False,0,,33,33,7.5252302922308445,True,True,0.0444919653236866,0.0057695588111528195,,,0
native,303,continued,27,1,1,22,False,0,,28,28,9.023331105709076,True,True,0.022546105086803436,0.01658508881519083,,,0
native,303,continued,28,1,1,15,False,0,,35,35,10.83777192980051,True,True,0.036982327699661255,0.0022030014861229574,,,0
native,303,continued,29,1,1,24,False,0,,26,26,9.331339038908482,True,True,0.028791235759854317,0.010546881640038919,,,0
native,303,continued,30,1,1,17,False,0,,33,33,17.93019473552704,True,True,0.03851129114627838,0.0039047858990670647,,,0
native,303,continued,31,1,1,22,False,0,,28,28,11.485242284834385,True,True,0.06368260085582733,0.005107218839839334,,,0
native,303,hold,0,1,1,44,False,6,,6,6,19.477639347314835,True,True,0.03535299003124237,0.03457489947322756,0.001322682946920395,0.0,0
native,303,hold,1,1,1,15,False,35,,35,35,19.6621585637331,True,True,0.033774279057979584,0.002759514018180198,0.0020754635334014893,0.0,0
native,303,hold,2,1,1,9,False,41,,41,41,8.731725625693798,True,True,0.04038693383336067,0.008094850272755139,0.0024199802428483963,0.0,0
native,303,hold,3,1,1,17,False,33,,33,33,23.303966969251633,True,True,0.025591013953089714,0.002747186954366043,0.0014200210571289062,0.0,0
native,303,hold,4,0,0,,False,0,,,,346.75875306129456,False,False,0.49145692586898804,,,,0
native,303,hold,5,1,1,16,False,34,,34,34,13.319501653313637,True,True,0.02132529951632023,0.00169371128322382,0.0006872117519378662,0.0,0
native,303,hold,6,1,1,19,False,31,,31,31,18.47621612250805,True,True,0.004447213374078274,0.0012276309462322388,0.0013620853424072266,0.0,0
native,303,hold,7,1,1,27,False,23,,23,23,11.843373998999596,True,True,0.03425612300634384,0.005179483196116053,0.0014890432357788086,0.0,0
native,303,hold,8,1,1,15,False,35,,35,35,15.123555436730385,True,True,0.02963331528007984,0.0027516525733517483,0.0021642297506332397,0.0,0
native,303,hold,9,1,1,16,False,34,,34,34,23.898998275399208,True,True,0.03445756062865257,0.0013494770882971352,0.0011788010597229004,0.0,0
native,303,hold,10,1,1,11,False,39,,39,39,18.89980398118496,True,True,0.031212499365210533,0.013970723557577003,0.0018999094609171152,2.3283064365386963e-10,0
native,303,hold,11,1,1,12,False,38,,38,38,22.608768194913864,True,True,0.04225647822022438,0.0027064334062743,0.000965118408203125,0.0,0
native,303,hold,12,1,1,24,False,26,,26,26,17.250077798962593,True,True,0.02888873592019081,0.002252543708891608,0.001082390546798706,0.0,0
native,303,hold,13,1,1,31,False,19,,19,19,18.973333761096,True,True,0.04521648585796356,0.0023463567231374327,0.0015724524855613708,0.0,0
native,303,hold,14,1,1,24,False,26,,26,26,6.573818624019623,True,True,0.027653831988573074,0.01362639795843279,0.002480059862136841,0.0,0
native,303,hold,15,1,1,13,False,37,,37,37,17.728479579091072,True,True,0.023242417722940445,0.01069063273462234,0.0036419425159692764,0.0,0
native,303,hold,16,0,1,24,False,26,25,0,0,284.6112847328186,True,False,0.0001157359074568376,279.870480298996,0.0007901489734649658,0.0,0
native,303,hold,17,1,1,18,False,32,,32,32,18.021000549197197,True,True,0.007314436603337526,0.002822527676471509,0.0020346492528915405,0.0,0
native,303,hold,18,1,1,17,False,33,,33,33,10.144009254872799,True,True,0.03918483480811119,0.00035888834304387274,0.0007382035255432129,0.0,0
native,303,hold,19,1,1,16,False,34,,34,34,21.560197696089745,True,True,0.004252274986356497,0.0020134691567363916,0.002139270305633545,0.0,0
native,303,hold,20,1,1,23,False,27,,27,27,20.02214826643467,True,True,0.03696763515472412,0.003737470251508057,0.0022413432598114014,0.0,0
native,303,hold,21,1,1,9,False,41,,41,41,13.676021248102188,True,True,0.04042370989918709,0.00919771810004022,0.001375339925289154,0.0,0
native,303,hold,22,1,1,23,False,27,,27,27,8.348784409463406,True,True,0.02029949612915516,0.0018332901845496963,0.0008993670344352722,0.0,0
native,303,hold,23,1,1,10,False,40,,40,40,15.76244831085205,True,True,0.040906623005867004,0.011928020285267849,0.0015281438827514648,0.0,0
native,303,hold,24,1,1,12,False,38,,38,38,15.371941961348057,True,True,0.028902413323521614,0.02210179991379846,0.004597830586135387,4.656612873077393e-10,0
native,303,hold,25,1,1,14,False,36,,36,36,15.696641057729721,True,True,0.01994168758392334,0.004662277660827385,0.001248866319656372,0.0,0
native,303,hold,26,1,1,17,False,33,,33,33,16.998684033751488,True,True,0.042223766446113586,0.002874888650694629,0.000701606273651123,0.0,0
native,303,hold,27,1,1,22,False,28,,28,28,22.66208827495575,True,True,0.01891809143126011,0.004719951903098263,0.0011758804321289062,0.0,0
native,303,hold,28,1,1,15,False,35,,35,35,20.591698586940765,True,True,0.05038455128669739,0.0037823451748408843,0.001392364501953125,0.0,0
native,303,hold,29,1,1,24,False,26,,26,26,11.914183385670185,True,True,0.028678882867097855,0.002456170705045224,0.0008104294538497925,0.0,0
native,303,hold,30,1,1,17,False,33,,33,33,5.307587329298258,True,True,0.029395809397101402,0.0037914858239673777,0.0005053132772445679,0.0,0
native,303,hold,31,0,1,22,False,28,25,2,2,25.345563888549805,True,True,0.02662934921681881,0.0009025549161378876,0.0005613863468170166,0.0,0
no_grasp,101,continued,0,1,1,30,False,0,,20,20,6.7106010392308235,True,True,0.057103682309389114,0.0028174410999781685,,,0
no_grasp,101,continued,1,1,1,14,False,0,,36,36,10.21843682974577,True,True,0.06107795983552933,0.007190087217168184,,,0
no_grasp,101,continued,2,1,1,9,False,0,,41,41,6.441107951104641,True,True,0.04209152236580849,0.013166863027436193,,,0
no_grasp,101,continued,3,1,1,15,False,0,,35,35,10.20859181880951,True,True,0.08244140446186066,0.00793953313404927,,,0
no_grasp,101,continued,4,1,1,34,False,0,,16,16,15.824928879737854,True,True,0.03378627449274063,0.005322429842635756,,,0
no_grasp,101,continued,5,1,1,13,False,0,,37,37,3.4024794586002827,True,True,0.04016800597310066,0.007363474196608877,,,0
no_grasp,101,continued,6,1,1,19,False,0,,31,31,6.396609358489513,True,True,0.08276229351758957,0.005955038886895636,,,0
no_grasp,101,continued,7,1,1,23,False,0,,27,27,15.199796296656132,True,True,0.047850336879491806,0.01598464405105915,,,0
no_grasp,101,continued,8,1,1,13,False,0,,37,37,10.136425495147705,True,True,0.07993246614933014,0.015701562006142922,,,0
no_grasp,101,continued,9,1,1,14,False,0,,36,36,12.8328213468194,True,True,0.07209768891334534,0.0016962759445959819,,,0
no_grasp,101,continued,10,1,1,11,False,0,,39,39,10.827608406543732,True,True,0.05537497252225876,0.012744341802317649,,,0
no_grasp,101,continued,11,1,1,10,False,0,,40,40,9.432000108063221,True,True,0.041956838220357895,0.010371118150942493,,,0
no_grasp,101,continued,12,1,1,22,False,0,,28,28,5.041714292019606,True,True,0.06611131131649017,0.005317293016560143,,,0
no_grasp,101,continued,13,1,1,28,False,0,,22,22,13.626942411065102,True,True,0.022364623844623566,0.008639655789011158,,,0
no_grasp,101,continued,14,1,1,19,False,0,,31,31,14.90952167659998,True,True,0.04105473309755325,0.02254816354252398,,,0
no_grasp,101,continued,15,1,1,13,False,0,,37,37,8.757522329688072,True,True,0.09567248076200485,0.011445635209383909,,,0
no_grasp,101,continued,16,1,1,20,False,0,,30,30,10.596550069749355,True,True,0.06176747381687164,0.03199971979483962,,,0
no_grasp,101,continued,17,1,1,17,False,0,,33,33,4.807500168681145,True,True,0.04345325753092766,0.002127275820384966,,,0
no_grasp,101,continued,18,1,1,14,False,0,,36,36,10.473310016095638,True,True,0.06431897729635239,0.024449504053336568,,,0
no_grasp,101,continued,19,1,1,15,False,0,,35,35,8.113478310406208,True,True,0.022587399929761887,0.0037747104215668514,,,0
no_grasp,101,continued,20,1,1,22,False,0,,28,28,7.6643843203783035,True,True,0.0386602059006691,0.003466380121608381,,,0
no_grasp,101,continued,21,1,1,9,False,0,,41,41,7.28508410975337,True,True,0.06863755732774734,0.007886917956057005,,,0
no_grasp,101,continued,22,1,1,20,False,0,,30,30,5.350376479327679,True,True,0.011806551367044449,0.019387021893635392,,,0
no_grasp,101,continued,23,1,1,11,False,0,,39,39,2.71780788898468,True,True,0.05820811167359352,0.005220920229476178,,,0
no_grasp,101,continued,24,1,1,13,False,0,,37,37,5.743803456425667,True,True,0.08412597328424454,0.011458042536105495,,,0
no_grasp,101,continued,25,1,1,14,False,0,,36,36,4.942281637340784,True,True,0.05651921033859253,0.00755348219172447,,,0
no_grasp,101,continued,26,1,1,16,False,0,,34,34,9.16119385510683,True,True,0.04071946442127228,8.992123417556286,,,0
no_grasp,101,continued,27,1,1,17,False,0,,33,33,9.127149358391762,True,True,0.051269467920064926,0.0038940811464271974,,,0
no_grasp,101,continued,28,1,1,15,False,0,,35,35,7.794798817485571,True,True,0.06077231466770172,0.004435991741047474,,,0
no_grasp,101,continued,29,1,1,20,False,0,,30,30,10.92465315014124,True,True,0.012086530216038227,0.007336156158999074,,,0
no_grasp,101,continued,30,1,1,14,False,0,,36,36,10.223760269582272,True,True,0.08112181723117828,0.003212345291103702,,,0
no_grasp,101,continued,31,1,1,13,False,0,,37,37,8.820826187729836,True,True,0.04087154567241669,0.0083409122453304,,,0
no_grasp,101,hold,0,1,1,30,False,20,,20,20,14.646789990365505,True,True,0.0628332644701004,0.0011151073522341903,0.0013652145862579346,0.0,0
no_grasp,101,hold,1,1,1,14,False,36,,36,36,16.804106533527374,True,True,0.055875565856695175,0.0019378378510737093,0.0011588037014007568,0.0,0
no_grasp,101,hold,2,1,1,9,False,41,,41,41,20.695770159363747,True,True,0.04715639352798462,0.011479297427285928,0.0024507101625204086,3.4924596548080444e-10,0
no_grasp,101,hold,3,1,1,15,False,35,,35,35,24.77838099002838,True,True,0.02905997261404991,0.0022877886749483878,0.001385807991027832,0.0,0
no_grasp,101,hold,4,1,1,34,False,16,,16,16,17.832523211836815,True,True,0.048570167273283005,0.007489717063435819,0.001809537410736084,0.0,0
no_grasp,101,hold,5,1,1,13,False,37,,37,37,15.287000685930252,True,True,0.040865425020456314,0.004841637291974621,0.0014359652996063232,0.0,0
no_grasp,101,hold,6,1,1,19,False,31,,31,31,19.516203552484512,True,True,0.007490414194762707,0.003916305558959721,0.0010552406311035156,0.0,0
no_grasp,101,hold,7,1,1,23,False,27,,27,27,17.14767888188362,True,True,0.045264676213264465,0.004250267920724582,0.0013972967863082886,0.0,0
no_grasp,101,hold,8,1,1,13,False,37,,37,37,17.67009124159813,True,True,0.07344787567853928,0.003380176167411264,0.002558678388595581,0.0,0
no_grasp,101,hold,9,1,1,14,False,36,,36,36,24.560295045375824,True,True,0.061165377497673035,0.0011833419648610288,0.0011470317840576172,0.0,0
no_grasp,101,hold,10,1,1,11,False,39,,39,39,20.284876227378845,True,True,0.04980551078915596,0.011004812222381588,0.0017879009246826172,0.0,0
no_grasp,101,hold,11,1,1,10,False,40,,40,40,24.362796917557716,True,True,0.041749127209186554,0.002140622200386133,0.0007757022976875305,0.0,0
no_grasp,101,hold,12,1,1,22,False,28,,28,28,15.373555943369865,True,True,0.027694232761859894,0.004276955678506056,0.0010509192943572998,0.0,0
no_grasp,101,hold,13,1,1,28,False,22,,22,22,20.632201805710793,True,True,0.017523139715194702,0.0031954998576111393,0.0014199614524841309,0.0,0
no_grasp,101,hold,14,1,1,19,False,31,,31,31,18.363654613494873,True,True,0.04226481914520264,0.0028043593829352176,0.0023424923419952393,0.0,0
no_grasp,101,hold,15,1,1,13,False,37,,37,37,13.827926479279995,True,True,0.02361880987882614,0.008210163287003525,0.0025781728327274323,0.0,0
no_grasp,101,hold,16,1,1,20,False,30,,30,30,14.782238751649857,True,True,0.035324275493621826,0.005769072231487371,0.001659303903579712,0.0,0
no_grasp,101,hold,17,1,1,17,False,33,,33,33,17.12973415851593,True,True,0.014588020741939545,0.0021017926883359905,0.0010626986622810364,0.0,0
no_grasp,101,hold,18,1,1,14,False,36,,36,36,19.455334171652794,True,True,0.05395934358239174,0.006409063189494191,0.0013374686241149902,0.0,0
no_grasp,101,hold,19,1,1,15,False,35,,35,35,20.716654136776924,True,True,0.015092011541128159,0.0030477392556349514,0.0009925663471221924,0.0,0
no_grasp,101,hold,20,1,1,22,False,28,,28,28,18.443513661623,True,True,0.029577208682894707,0.002301143922522897,0.0010415762662887573,0.0,0
no_grasp,101,hold,21,1,1,9,False,41,,41,41,14.51444998383522,True,True,0.06269151717424393,0.008069357136264443,0.0022765398025512695,0.0,0
no_grasp,101,hold,22,1,1,20,False,30,,30,30,18.610233440995216,True,True,0.020174255594611168,0.0034272823086212156,0.0011824369430541992,0.0,0
no_grasp,101,hold,23,1,1,11,False,39,,39,39,10.803290642797947,True,True,0.026428263634443283,0.004663626896217465,0.0011920928955078125,0.0,0
no_grasp,101,hold,24,1,1,13,False,37,,37,37,10.868769139051437,True,True,0.043037787079811096,0.009614413102099206,0.0006833653897047043,0.0,0
no_grasp,101,hold,25,1,1,14,False,36,,36,36,17.81737245619297,True,True,0.03533719480037689,0.003381877831998281,0.0009391829371452332,0.0,0
no_grasp,101,hold,26,1,1,16,False,34,,34,34,23.071415722370148,True,True,0.027452252805233,9.025387465953827,0.0009440183639526367,7.275957614183426e-12,0
no_grasp,101,hold,27,1,1,17,False,33,,33,33,14.10776935517788,True,True,0.03602902963757515,0.005159780357644195,0.0012114830315113068,0.0,0
no_grasp,101,hold,28,1,1,15,False,35,,35,35,14.95911180973053,True,True,0.04631189629435539,0.0013038853694524732,0.0009472034871578217,0.0,0
no_grasp,101,hold,29,1,1,20,False,30,,30,30,17.155321314930916,True,True,0.024228012189269066,0.002514514562790282,0.0014407932758331299,0.0,0
no_grasp,101,hold,30,1,1,14,False,36,,36,36,16.090037301182747,True,True,0.06805755198001862,0.0036864269077341305,0.0013560950756072998,0.0,0
no_grasp,101,hold,31,1,1,13,False,37,,37,37,8.329395204782486,True,True,0.021976826712489128,0.006160239991004346,0.0019828379154205322,0.0,0
no_grasp,202,continued,0,1,1,29,False,0,,21,21,8.595162071287632,True,True,0.06230587512254715,0.003969487352151191,,,0
no_grasp,202,continued,1,1,1,13,False,0,,37,37,12.865593656897545,True,True,0.034457508474588394,0.004676037406170508,,,0
no_grasp,202,continued,2,1,1,9,False,0,,41,41,2.9295298736542463,True,True,0.016486283391714096,0.010401251529401634,,,0
no_grasp,202,continued,3,1,1,13,False,0,,37,37,8.710743859410286,True,True,0.025037802755832672,0.0009759667136677308,,,0
no_grasp,202,continued,4,0,0,,False,0,,,,268.94521713256836,False,False,0.6201066374778748,,,,0
no_grasp,202,continued,5,1,1,12,False,0,,38,38,9.218617342412472,True,True,0.056489426642656326,0.006389562713593477,,,0
no_grasp,202,continued,6,1,1,19,False,0,,31,31,2.748214639723301,True,True,0.027711737900972366,0.0034997067359654466,,,0
no_grasp,202,continued,7,1,1,22,False,0,,28,28,11.244206689298153,True,True,0.04473472386598587,0.003951401595259085,,,0
no_grasp,202,continued,8,1,1,13,False,0,,37,37,10.856535285711288,True,True,0.028947820886969566,0.19183703989256173,,,0
no_grasp,202,continued,9,1,1,13,False,0,,37,37,6.99264882132411,True,True,0.04605404660105705,0.004953333700541407,,,0
no_grasp,202,continued,10,1,1,11,False,0,,39,39,8.688714355230331,True,True,0.03651559725403786,0.3220012004021555,,,0
no_grasp,202,continued,11,1,1,10,False,0,,40,40,6.769392639398575,True,True,0.03341243043541908,0.02968278386106249,,,0
no_grasp,202,continued,12,1,1,22,False,0,,28,28,6.256479304283857,True,True,0.05079479143023491,0.001758391476869292,,,0
no_grasp,202,continued,13,1,1,28,False,0,,22,22,5.994265899062157,True,True,0.060154009610414505,0.0034500599213060923,,,0
no_grasp,202,continued,14,1,1,19,False,0,,31,31,12.010009028017521,True,True,0.04188753291964531,0.0023666607376071624,,,0
no_grasp,202,continued,15,1,1,13,False,0,,37,37,7.376822642982006,True,True,0.026477251201868057,0.18724885012488812,,,0
no_grasp,202,continued,16,1,1,20,False,0,,30,30,11.242303065955639,True,True,0.04302091896533966,0.006846672022220446,,,0
no_grasp,202,continued,17,1,1,17,False,0,,33,33,7.315458729863167,True,True,0.029252873733639717,0.0036110830023972085,,,0
no_grasp,202,continued,18,1,1,14,False,0,,36,36,11.302709579467773,True,True,0.07039625942707062,0.005196401616558433,,,0
no_grasp,202,continued,19,1,1,16,False,0,,34,34,4.336732439696789,True,True,0.034456219524145126,0.0017306770132563543,,,0
no_grasp,202,continued,20,1,1,22,False,0,,28,28,4.27752872928977,True,True,0.04955897480249405,0.0009574126806910499,,,0
no_grasp,202,continued,21,1,1,9,False,0,,41,41,4.38197236508131,True,True,0.06581319868564606,0.009085832971322816,,,0
no_grasp,202,continued,22,1,1,20,False,0,,30,30,6.778140552341938,True,True,0.02104557678103447,0.00239206792684854,,,0
no_grasp,202,continued,23,1,1,11,False,0,,39,39,9.27579402923584,True,True,0.033504780381917953,0.003884645593643654,,,0
no_grasp,202,continued,24,1,1,13,False,0,,37,37,11.453239247202873,True,True,0.0329931266605854,0.014691952856082935,,,0
no_grasp,202,continued,25,1,1,14,False,0,,36,36,5.869751796126366,True,True,0.03090869076550007,0.0017584096667633276,,,0
no_grasp,202,continued,26,1,1,16,False,0,,34,34,2.3974282667040825,True,True,0.042260803282260895,0.23366544337477535,,,0
no_grasp,202,continued,27,1,1,16,False,0,,34,34,13.076774775981903,True,True,0.033821769058704376,0.003949056463170564,,,0
no_grasp,202,continued,28,1,1,14,False,0,,36,36,6.355456076562405,True,True,0.05544384941458702,0.0051053652896371204,,,0
no_grasp,202,continued,29,1,1,19,False,0,,31,31,15.274488367140293,True,True,0.023455694317817688,0.0025088991151278606,,,0
no_grasp,202,continued,30,1,1,14,False,0,,36,36,10.591014288365841,True,True,0.0770406424999237,0.004630191142496187,,,0
no_grasp,202,continued,31,1,1,13,False,0,,37,37,9.954237379133701,True,True,0.032687366008758545,0.003108006239926908,,,0
no_grasp,202,hold,0,1,1,29,False,21,,21,21,23.036057129502296,True,True,0.08575233072042465,0.0034475406209821813,0.002259284257888794,0.0,0
no_grasp,202,hold,1,1,1,13,False,37,,37,37,21.338962018489838,True,True,0.03205050155520439,0.005208436050452292,0.0016064047813415527,0.0,0
no_grasp,202,hold,2,1,1,9,False,41,,41,41,21.1049634963274,True,True,0.020864862948656082,0.006680243586743018,0.00224213395267725,0.0,0
no_grasp,202,hold,3,1,1,13,False,37,,37,37,23.636532947421074,True,True,0.03346485644578934,0.0016442497781099519,0.001388251781463623,0.0,0
no_grasp,202,hold,4,0,0,,False,0,,,,268.94521713256836,False,False,0.6201066374778748,,,,0
no_grasp,202,hold,5,1,1,12,False,38,,38,38,17.09802635014057,True,True,0.05594029650092125,0.0036851874938292895,0.001428157091140747,0.0,0
no_grasp,202,hold,6,1,1,19,False,31,,31,31,17.956899479031563,True,True,0.007734283339232206,0.002207675606769044,0.001191467046737671,0.0,0
no_grasp,202,hold,7,1,1,22,False,28,,28,28,22.17436395585537,True,True,0.04835347831249237,0.0024427470179944066,0.002739846706390381,0.0,0
no_grasp,202,hold,8,1,1,13,False,37,,37,37,18.82045716047287,True,True,0.023459602147340775,0.007808513146301266,0.0012057125568389893,0.0,0
no_grasp,202,hold,9,1,1,13,False,37,,37,37,23.148931562900543,True,True,0.052571918815374374,0.003126130195596488,0.0015407204627990723,0.0,0
no_grasp,202,hold,10,1,1,11,False,39,,39,39,22.11395651102066,True,True,0.037659429013729095,0.3204981912858784,0.003031611442565918,0.0,0
no_grasp,202,hold,11,1,1,10,False,40,,40,40,22.59993366897106,True,True,0.01596357673406601,0.003038915110664675,0.0009613037109375,0.0,0
no_grasp,202,hold,12,1,1,22,False,28,,28,28,16.141409054398537,True,True,0.05413111671805382,0.0020787449557246873,0.0013383030891418457,0.0,0
no_grasp,202,hold,13,1,1,28,False,22,,22,22,21.580060943961143,True,True,0.06368670612573624,0.002769463890217594,0.002882048487663269,0.0,0
no_grasp,202,hold,14,1,1,19,False,31,,31,31,17.57538691163063,True,True,0.036577336490154266,0.002337355454073986,0.0020292997360229492,0.0,0
no_grasp,202,hold,15,1,1,13,False,37,,37,37,16.536466777324677,True,True,0.009330975823104382,0.16286360914818943,0.0017426982522010803,0.0,0
no_grasp,202,hold,16,1,1,20,False,30,,30,30,18.55240762233734,True,True,0.016486743465065956,0.007095401997503359,0.0014506429433822632,0.0,0
no_grasp,202,hold,17,1,1,17,False,33,,33,33,17.691699787974358,True,True,0.007216183468699455,0.0014868224980091327,0.0013160556554794312,0.0,0
no_grasp,202,hold,18,1,1,14,False,36,,36,36,19.21764388680458,True,True,0.06835080683231354,0.0021638895759679144,0.0012745857238769531,0.0,0
no_grasp,202,hold,19,1,1,16,False,34,,34,34,20.233817398548126,True,True,0.007641550153493881,0.0015361142686742824,0.0012380629777908325,0.0,0
no_grasp,202,hold,20,1,1,22,False,28,,28,28,20.034365355968475,True,True,0.07634814828634262,0.0019967512798757525,0.0011540353298187256,0.0,0
no_grasp,202,hold,21,1,1,9,False,41,,41,41,20.03144659101963,True,True,0.05683237314224243,0.010120450497197453,0.0025805234909057617,0.0,0
no_grasp,202,hold,22,1,1,20,False,30,,30,30,18.517758697271347,True,True,0.009430352598428726,0.0023948782654770184,0.0018824636936187744,0.0,0
no_grasp,202,hold,23,1,1,11,False,39,,39,39,24.169012904167175,True,True,0.014627223834395409,0.0037358104236773215,0.0024536848068237305,1.1641532182693481e-10,0
no_grasp,202,hold,24,1,1,13,False,37,,37,37,15.024042688310146,True,True,0.043531402945518494,0.01589179373695515,0.0020846035331487656,0.0,0
no_grasp,202,hold,25,1,1,14,False,36,,36,36,20.691951736807823,True,True,0.02241075225174427,0.0016510773548361612,0.001180887222290039,0.0,0
no_grasp,202,hold,26,1,1,16,False,34,,34,34,21.330995485186577,True,True,0.03014201670885086,0.23496114590670913,0.0008859485387802124,0.0,0
no_grasp,202,hold,27,1,1,16,False,34,,34,34,22.404327988624573,True,True,0.04811050370335579,0.002914106744356104,0.0019915997982025146,0.0,0
no_grasp,202,hold,28,1,1,14,False,36,,36,36,21.433789283037186,True,True,0.06447265297174454,0.005380757556849858,0.00120621919631958,0.0,0
no_grasp,202,hold,29,1,1,19,False,31,,31,31,16.653811559081078,True,True,0.037683457136154175,0.004279168479115469,0.0026699453592300415,0.0,0
no_grasp,202,hold,30,1,1,14,False,36,,36,36,19.175685942173004,True,True,0.07356002181768417,0.0036150679534330266,0.0012346580624580383,0.0,0
no_grasp,202,hold,31,1,1,13,False,37,,37,37,19.667424261569977,True,True,0.004185948520898819,0.0023984589461178984,0.0017237067222595215,0.0,0
no_grasp,303,continued,0,1,1,33,False,0,,17,17,7.107628509402275,True,True,0.03952602297067642,0.02618427424749825,,,0
no_grasp,303,continued,1,1,1,16,False,0,,34,34,10.882409289479256,True,True,0.05527878552675247,0.024932760425144807,,,0
no_grasp,303,continued,2,1,1,10,False,0,,40,40,9.301193989813328,True,True,0.0665227472782135,0.0034939730539917946,,,0
no_grasp,303,continued,3,1,1,14,False,0,,36,36,11.900858022272587,True,True,0.06841874867677689,0.010589928024273831,,,0
no_grasp,303,continued,4,0,0,,False,0,,,,393.783301115036,False,False,0.2152564376592636,,,,0
no_grasp,303,continued,5,1,1,15,False,0,,35,35,6.966318003833294,True,True,0.0575249046087265,0.003824582108791219,,,0
no_grasp,303,continued,6,1,1,20,False,0,,30,30,9.144017472863197,True,True,0.03596367686986923,0.004603044089890318,,,0
no_grasp,303,continued,7,1,1,28,False,0,,22,22,4.680457524955273,True,True,0.06334428489208221,0.00719113177183317,,,0
no_grasp,303,continued,8,1,1,16,False,0,,34,34,11.212351731956005,True,True,0.06503263860940933,0.010254202607029583,,,0
no_grasp,303,continued,9,1,1,11,False,0,14,2,34,14.247044920921326,True,True,0.04331188648939133,26.915621012449265,,,0
no_grasp,303,continued,10,1,1,11,False,0,,39,39,12.503554113209248,True,True,0.045051611959934235,0.016368485376005992,,,0
no_grasp,303,continued,11,1,1,10,False,0,,40,40,6.924561690539122,True,True,0.03772496432065964,0.380092445993796,,,0
no_grasp,303,continued,12,1,1,23,False,0,,27,27,9.084144607186317,True,True,0.04399454593658447,0.017512789781903848,,,0
no_grasp,303,continued,13,1,1,32,False,0,,18,18,7.533184252679348,True,True,0.038094405084848404,0.006156168637971859,,,0
no_grasp,303,continued,14,1,1,24,False,0,,26,26,12.14093528687954,True,True,0.04571229964494705,0.010283570190949831,,,0
no_grasp,303,continued,15,1,1,14,False,0,,36,36,11.077807284891605,True,True,0.05131812393665314,0.003837106305581983,,,0
no_grasp,303,continued,16,1,1,23,False,0,,27,27,15.709318220615387,True,True,0.04889749735593796,0.020108031094423495,,,0
no_grasp,303,continued,17,1,1,19,False,0,,31,31,14.202238060534,True,True,0.031152406707406044,0.0025228710001101717,,,0
no_grasp,303,continued,18,1,1,17,False,0,,33,33,7.271426264196634,True,True,0.03209911659359932,0.02111076537403278,,,0
no_grasp,303,continued,19,1,1,18,False,0,,32,32,13.957874849438667,True,True,0.019217634573578835,0.007758030733384658,,,0
no_grasp,303,continued,20,1,1,24,False,0,,26,26,11.480920016765594,True,True,0.08990532904863358,0.00886086854734458,,,0
no_grasp,303,continued,21,1,1,9,False,0,,41,41,10.972533375024796,True,True,0.05688806250691414,0.00712093924448709,,,0
no_grasp,303,continued,22,1,1,23,False,0,,27,27,10.852916166186333,True,True,0.03079015389084816,0.013934396520198788,,,0
no_grasp,303,continued,23,1,1,10,False,0,,40,40,13.628585264086723,True,True,0.030962763354182243,0.006865293471491896,,,0
no_grasp,303,continued,24,1,1,12,False,0,,38,38,6.161775439977646,True,True,0.026282012462615967,0.02628207948873751,,,0
no_grasp,303,continued,25,1,1,15,False,0,,35,35,12.208320200443268,True,True,0.03019734099507332,0.0021169437331991503,,,0
no_grasp,303,continued,26,1,1,17,False,0,,33,33,12.661343440413475,True,True,0.03731568902730942,8.999258279800415,,,0
no_grasp,303,continued,27,1,1,23,False,0,,27,27,22.373931482434273,True,True,0.043054986745119095,0.016065985619206913,,,0
no_grasp,303,continued,28,1,1,16,False,0,,34,34,11.215650476515293,True,True,0.040846001356840134,0.0017860608068076544,,,0
no_grasp,303,continued,29,1,1,24,False,0,,26,26,8.048717863857746,True,True,0.026836667209863663,0.02789664540614467,,,0
no_grasp,303,continued,30,1,1,16,False,0,,34,34,9.532516822218895,True,True,0.0655985102057457,0.008370229807042051,,,0
no_grasp,303,continued,31,1,1,21,False,0,,29,29,6.978052668273449,True,True,0.04069099575281143,0.06160450720926747,,,0
no_grasp,303,hold,0,1,1,33,False,17,,17,17,21.412476897239685,True,True,0.00966592412441969,0.0019062076717091259,0.0009325854480266571,0.0,0
no_grasp,303,hold,1,1,1,16,False,34,,34,34,14.73238691687584,True,True,0.04646720364689827,0.0023131783564167563,0.0007190853357315063,0.0,0
no_grasp,303,hold,2,1,1,10,False,40,,40,40,9.14610456675291,True,True,0.04943158105015755,0.007101590199454222,0.0016184672713279724,0.0,0
no_grasp,303,hold,3,1,1,14,False,36,,36,36,24.85843189060688,True,True,0.03535943105816841,0.0008694102575645957,0.0015826821327209473,0.0,0
no_grasp,303,hold,4,0,0,,False,0,,,,393.783301115036,False,False,0.2152564376592636,,,,0
no_grasp,303,hold,5,1,1,15,False,35,,35,35,11.8727907538414,True,True,0.03738689422607422,0.003804752395808464,0.0007929205894470215,0.0,0
no_grasp,303,hold,6,1,1,20,False,30,,30,30,15.829270705580711,True,True,0.010004839859902859,0.0014833585737505928,0.001991450786590576,0.0,0
no_grasp,303,hold,7,1,1,28,False,22,,22,22,14.496917836368084,True,True,0.052535466849803925,0.004054539658682188,0.0012093111872673035,0.0,0
no_grasp,303,hold,8,1,1,16,False,34,,34,34,11.848491616547108,True,True,0.06047951057553291,0.001384918959956849,0.0007110349833965302,0.0,0
no_grasp,303,hold,9,0,1,11,False,39,14,2,2,43.48481073975563,True,False,6.901792949065566e-05,40.383268147706985,0.001176547259092331,0.0,0
no_grasp,303,hold,10,1,1,11,False,39,,39,39,20.85650898516178,True,True,0.04999773949384689,0.013099071111355443,0.0017327964305877686,0.0,0
no_grasp,303,hold,11,1,1,10,False,40,,40,40,21.749060600996017,True,True,0.008897990919649601,0.16538359341211617,0.0008913278579711914,0.0,0
no_grasp,303,hold,12,1,1,23,False,27,,27,27,18.588842824101448,True,True,0.04205843061208725,0.0030484225135296583,0.0013155341148376465,0.0,0
no_grasp,303,hold,13,1,1,32,False,18,,18,18,17.159538343548775,True,True,0.05114408954977989,0.0005242808356342721,0.0008063316345214844,0.0,0
no_grasp,303,hold,14,1,1,24,False,26,,26,26,15.95720462501049,True,True,0.025416264310479164,0.014452725736191496,0.0021609794348478317,0.0,0
no_grasp,303,hold,15,1,1,14,False,36,,36,36,14.472181908786297,True,True,0.007703833747655153,0.005719069122278597,0.001041557639837265,0.0,0
no_grasp,303,hold,16,1,1,23,False,27,,27,27,6.626577116549015,True,True,0.021722914651036263,0.012962672371941153,0.001325756311416626,0.0,0
no_grasp,303,hold,17,1,1,19,False,31,,31,31,17.97991804778576,True,True,0.010922643356025219,0.001352509798380197,0.0008752346038818359,0.0,0
no_grasp,303,hold,18,1,1,17,False,33,,33,33,12.495022267103195,True,True,0.054783858358860016,0.0024835999283823185,0.0007426440715789795,0.0,0
no_grasp,303,hold,19,1,1,18,False,32,,32,32,15.275819227099419,True,True,0.0071063474752008915,0.0009035492780640197,0.0009194612503051758,0.0,0
no_grasp,303,hold,20,1,1,24,False,26,,26,26,13.856591656804085,True,True,0.06013639643788338,0.0018106360357705853,0.0011860430240631104,0.0,0
no_grasp,303,hold,21,1,1,9,False,41,,41,41,15.321864746510983,True,True,0.05410119891166687,0.00664329400024144,0.0006795860826969147,0.0,0
no_grasp,303,hold,22,1,1,23,False,27,,27,27,18.437888473272324,True,True,0.007691812235862017,0.0017106674476963235,0.0008644610643386841,0.0,0
no_grasp,303,hold,23,1,1,10,False,40,,40,40,19.30713839828968,True,True,0.017417442053556442,0.007820799510227516,0.0020505189895629883,0.0,0
no_grasp,303,hold,24,1,1,12,False,38,,38,38,17.276717349886894,True,True,0.02080809697508812,0.018977625586558133,0.003701779991388321,0.0,0
no_grasp,303,hold,25,1,1,15,False,35,,35,35,13.307370245456696,True,True,0.00853706244379282,0.0014204949820850743,0.0015726089477539062,0.0,0
no_grasp,303,hold,26,1,1,17,False,33,,33,33,20.642343908548355,True,True,0.021625902503728867,8.973893709480762,0.0005906745791435242,0.0,0
no_grasp,303,hold,27,1,1,23,False,27,,27,27,22.860651835799217,True,True,0.024223702028393745,0.0057749739426071756,0.0034757256507873535,0.0,0
no_grasp,303,hold,28,1,1,16,False,34,,34,34,10.67571621388197,True,True,0.043522223830223083,0.0021251471480354667,0.000776141881942749,0.0,0
no_grasp,303,hold,29,1,1,24,False,26,,26,26,22.015903145074844,True,True,0.025109849870204926,0.002765043973340653,0.0011049658060073853,0.0,0
no_grasp,303,hold,30,1,1,16,False,34,,34,34,14.798445627093315,True,True,0.060610007494688034,0.0023838572360546095,0.0008880607783794403,0.0,0
no_grasp,303,hold,31,1,1,21,False,29,,29,29,21.134894341230392,True,True,0.04021601378917694,0.002005969918172923,0.0005812849849462509,0.0,0
half,101,continued,0,1,1,30,False,0,,20,20,17.269590869545937,True,True,0.028483867645263672,0.006501535608549602,,,0
half,101,continued,1,1,1,14,False,0,,36,36,19.898580387234688,True,True,0.023410284891724586,0.005889972726436099,,,0
half,101,continued,2,1,1,10,False,0,,40,40,15.030540525913239,True,True,0.022171204909682274,0.03551510235411115,,,0
half,101,continued,3,1,1,18,False,0,,32,32,4.740106873214245,True,True,0.05358363687992096,0.0058164973779639695,,,0
half,101,continued,4,0,0,,False,0,,,,20.40643058717251,False,True,0.3161250352859497,,,,0
half,101,continued,5,1,1,13,False,0,,37,37,14.062648639082909,True,True,0.04802551493048668,0.014985213056206703,,,0
half,101,continued,6,1,1,20,False,0,,30,30,7.10870698094368,True,True,0.05900178104639053,0.002752458385657519,,,0
half,101,continued,7,1,1,23,False,0,,27,27,19.03335377573967,True,True,0.0327121838927269,0.005674603016814217,,,0
half,101,continued,8,1,1,14,False,0,,36,36,16.807634383440018,True,True,0.01777135767042637,0.0026133971005037893,,,0
half,101,continued,9,1,1,20,False,0,,30,30,12.869633734226227,True,True,0.07555510103702545,0.00019894422109700827,,,0
half,101,continued,10,1,1,12,False,0,,38,38,9.047024883329868,True,True,0.02411501109600067,0.010501181350264233,,,0
half,101,continued,11,1,1,14,False,0,,36,36,14.031213708221912,True,True,0.06608394533395767,0.0033853145851026056,,,0
half,101,continued,12,1,1,22,False,0,,28,28,15.91431349515915,True,True,0.034876830875873566,0.0029715376967942575,,,0
half,101,continued,13,1,1,29,False,0,,21,21,14.689801260828972,True,True,0.04020112380385399,0.0060587590269278735,,,0
half,101,continued,14,0,1,19,False,0,47,27,27,27.70772948861122,True,True,0.04883302375674248,0.034007040085271,,,0
half,101,continued,15,1,1,13,False,0,,37,37,6.430787034332752,True,True,0.04269319772720337,0.0057825404837785754,,,0
half,101,continued,16,1,1,20,False,0,,30,30,22.211924195289612,True,True,0.03893164545297623,0.004810567133972654,,,0
half,101,continued,17,1,1,17,False,0,,33,33,17.002524808049202,True,True,0.014933722093701363,0.0064998566813301295,,,0
half,101,continued,18,1,1,14,False,0,,36,36,18.599437549710274,True,True,0.03644353896379471,0.0068461563387245405,,,0
half,101,continued,19,1,1,16,False,0,,34,34,14.07544780522585,True,True,0.011210160329937935,0.002967475666082464,,,0
half,101,continued,20,1,1,23,False,0,,27,27,15.422401949763298,True,True,0.02980724722146988,0.011671227184706368,,,0
half,101,continued,21,1,1,9,False,0,,41,41,11.721866205334663,True,True,0.051138803362846375,0.017094707800424658,,,0
half,101,continued,22,1,1,20,False,0,,30,30,16.002781689167023,True,True,0.015167271718382835,0.005333126409823308,,,0
half,101,continued,23,1,1,12,False,0,,38,38,3.9552473463118076,True,True,0.019977381452918053,0.00949475997913396,,,0
half,101,continued,24,1,1,13,False,0,,37,37,5.209617782384157,True,True,0.04643829166889191,0.03832209768006578,,,0
half,101,continued,25,1,1,14,False,0,,36,36,9.754963219165802,True,True,0.016287781298160553,0.012514597074186895,,,0
half,101,continued,26,1,1,17,False,0,,33,33,3.9132186211645603,True,True,0.03269069641828537,0.03485131310299039,,,0
half,101,continued,27,1,1,16,False,0,,34,34,13.143356889486313,True,True,0.04555804654955864,0.0245034862018656,,,0
half,101,continued,28,1,1,16,False,0,,34,34,10.711546055972576,True,True,0.03545786067843437,0.009428947123524267,,,0
half,101,continued,29,1,1,20,False,0,,30,30,22.098200395703316,True,True,0.03439822793006897,0.002067174818876083,,,0
half,101,continued,30,1,1,14,False,0,,36,36,16.640082001686096,True,True,0.0832352489233017,0.010146804925170727,,,0
half,101,continued,31,1,1,14,False,0,,36,36,13.580846600234509,True,True,0.026480557397007942,0.006963078703847714,,,0
half,101,hold,0,1,1,30,False,20,,20,20,19.528251141309738,True,True,0.05008683726191521,0.0015666975059502875,0.000928342342376709,0.0,0
half,101,hold,1,1,1,14,False,36,,36,36,17.962809652090073,True,True,0.029541540890932083,0.0027959154067502823,0.0010051131248474121,0.0,0
half,101,hold,2,1,1,10,False,40,,40,40,11.838446371257305,True,True,0.012857038527727127,0.031690880859969184,0.0016115158796310425,0.0,0
half,101,hold,3,1,1,18,False,32,,32,32,24.417344480752945,True,True,0.034227799624204636,0.0022044348497729516,0.0014788508415222168,0.0,0
half,101,hold,4,0,0,,False,0,,,,20.40643058717251,False,True,0.3161250352859497,,,,0
half,101,hold,5,1,1,13,False,37,,37,37,10.345191694796085,True,True,0.05454956367611885,0.011027052096324041,0.0008392184972763062,0.0,0
half,101,hold,6,1,1,20,False,30,,30,30,18.6003390699625,True,True,0.01649625599384308,0.0016727680076655815,0.0010170936584472656,0.0,0
half,101,hold,7,1,1,23,False,27,,27,27,18.505286425352097,True,True,0.03258731588721275,0.0031370441320177633,0.0007659643888473511,0.0,0
half,101,hold,8,1,1,14,False,36,,36,36,12.187967076897621,True,True,0.0026023713871836662,0.0049021955419448204,0.0011344850063323975,0.0,0
half,101,hold,9,1,1,20,False,30,,30,30,23.51154200732708,True,True,0.05390401929616928,0.0012738239547616104,0.0011594891548156738,0.0,0
half,101,hold,10,1,1,12,False,38,,38,38,17.039857804775238,True,True,0.0337979830801487,0.008510890438628849,0.0005599036812782288,0.0,0
half,101,hold,11,1,1,14,False,36,,36,36,24.469198659062386,True,True,0.07170139998197556,0.0028663389457506128,0.0010455846786499023,0.0,0
half,101,hold,12,1,1,22,False,28,,28,28,21.432645618915558,True,True,0.03418547660112381,0.0025245751658076188,0.002265632152557373,0.0,0
half,101,hold,13,1,1,29,False,21,,21,21,14.80147521942854,True,True,0.046146079897880554,0.002926397883129539,0.000866621732711792,0.0,0
half,101,hold,14,1,1,19,False,31,,31,31,16.084132716059685,True,True,0.05082333832979202,0.003077118435612647,0.0015527456998825073,0.0,0
half,101,hold,15,1,1,13,False,37,,37,37,21.083632484078407,True,True,0.013524332083761692,0.005134454568178626,0.0016426276415586472,0.0,0
half,101,hold,16,1,1,20,False,30,,30,30,15.560343861579895,True,True,0.033981263637542725,0.0063577799664926715,0.0014998018741607666,0.0,0
half,101,hold,17,1,1,17,False,33,,33,33,18.493343144655228,True,True,0.011274646036326885,0.0016824438944240683,0.0012163817882537842,0.0,0
half,101,hold,18,1,1,14,False,36,,36,36,18.029022961854935,True,True,0.048881229013204575,0.0062314443312061485,0.0017191171646118164,0.0,0
half,101,hold,19,1,1,16,False,34,,34,34,17.757494002580643,True,True,0.00913446769118309,0.0011532665666891262,0.0010417401790618896,0.0,0
half,101,hold,20,1,1,23,False,27,,27,27,14.381159096956253,True,True,0.032449107617139816,0.0024397377273999155,0.000807642936706543,0.0,0
half,101,hold,21,1,1,9,False,41,,41,41,9.488682262599468,True,True,0.04415908083319664,0.01623467505851295,0.0022238194942474365,0.0,0
half,101,hold,22,1,1,20,False,30,,30,30,18.93278770148754,True,True,0.009374089539051056,0.0015561988675472094,0.0009699165821075439,0.0,0
half,101,hold,23,1,1,12,False,38,,38,38,19.536413252353668,True,True,0.01453104242682457,0.00589670344197657,0.0008789896965026855,0.0,0
half,101,hold,24,1,1,13,False,37,,37,37,10.110785253345966,True,True,0.041962821036577225,0.017754098735167645,0.0031848885118961334,0.0,0
half,101,hold,25,1,1,14,False,36,,36,36,18.370402976870537,True,True,0.017777055501937866,0.004075237939105136,0.0006753802299499512,0.0,0
half,101,hold,26,1,1,17,False,33,,33,33,12.28099875152111,True,True,0.03513070568442345,0.0012762769756591297,0.000839531421661377,0.0,0
half,101,hold,27,1,1,16,False,34,,34,34,19.599152728915215,True,True,0.016670290380716324,0.0054048909987614024,0.002438083291053772,0.0,0
half,101,hold,28,1,1,16,False,34,,34,34,14.981088228523731,True,True,0.03683387115597725,0.0014066797575651435,0.0007600784301757812,0.0,0
half,101,hold,29,1,1,20,False,30,,30,30,18.769964575767517,True,True,0.0471896193921566,0.001297806306865823,0.0010161623358726501,0.0,0
half,101,hold,30,1,1,14,False,36,,36,36,22.137828171253204,True,True,0.03730316087603569,0.00741959183869767,0.001560598611831665,0.0,0
half,101,hold,31,1,1,14,False,36,,36,36,8.624657988548279,True,True,0.014688397757709026,0.007824129170330707,0.0006586313247680664,0.0,0
half,202,continued,0,1,1,30,False,0,,20,20,10.33260952681303,True,True,0.02805919758975506,0.017350776033708826,,,0
half,202,continued,1,1,1,14,False,0,,36,36,12.575809843838215,True,True,0.03226577863097191,0.013966173355584033,,,0
half,202,continued,2,1,1,10,False,0,,40,40,7.829394191503525,True,True,0.05203558877110481,0.007537186775152804,,,0
half,202,continued,3,1,1,18,False,0,,32,32,9.920029900968075,True,True,0.040100790560245514,0.0027031551326217595,,,0
half,202,continued,4,1,1,32,False,0,,18,18,10.869868099689484,True,True,0.03518069162964821,0.07446573727065697,,,0
half,202,continued,5,1,1,13,False,0,,37,37,12.047435157001019,True,True,0.04975388944149017,0.0377105716324877,,,0
half,202,continued,6,1,1,20,False,0,,30,30,11.084775440394878,True,True,0.030184391885995865,0.003289502046754933,,,0
half,202,continued,7,1,1,22,False,0,,28,28,12.655137106776237,True,True,0.03107416443526745,0.0038494645195896737,,,0
half,202,continued,8,1,1,14,False,0,,36,36,11.490074917674065,True,True,0.03869247809052467,0.057092485803877935,,,0
half,202,continued,9,1,1,19,False,0,,31,31,6.485139485448599,True,True,0.04457034915685654,0.0029905920655437512,,,0
half,202,continued,10,1,1,12,False,0,,38,38,8.070548065006733,True,True,0.030419323593378067,0.00689144280840992,,,0
half,202,continued,11,1,1,12,False,0,,38,38,10.014617815613747,True,True,0.029687054455280304,0.011344461199769285,,,0
half,202,continued,12,1,1,21,False,0,,29,29,18.38025636970997,True,True,0.03026469051837921,0.020141145796515048,,,0
half,202,continued,13,1,1,28,False,0,,22,22,9.994260035455227,True,True,0.05008731782436371,0.2384541876381263,,,0
half,202,continued,14,1,1,19,False,0,,31,31,8.745713159441948,True,True,0.05885376036167145,0.035546145227272063,,,0
half,202,continued,15,1,1,13,False,0,,37,37,9.680220857262611,True,True,0.05562116950750351,0.006495033176179277,,,0
half,202,continued,16,1,1,20,False,0,,30,30,16.29319041967392,True,True,0.03141169995069504,0.009292816685047,,,0
half,202,continued,17,1,1,16,False,0,,34,34,13.304684311151505,True,True,0.025555964559316635,0.021649391783284955,,,0
half,202,continued,18,1,1,14,False,0,,36,36,12.881757691502571,True,True,0.050408750772476196,0.01998177685891278,,,0
half,202,continued,19,1,1,16,False,0,,34,34,9.650902822613716,True,True,0.028567833825945854,0.0025531967366987374,,,0
half,202,continued,20,1,1,22,False,0,,28,28,8.568311110138893,True,True,0.03705083206295967,0.010920581189566292,,,0
half,202,continued,21,1,1,9,False,0,,41,41,12.662265449762344,True,True,0.03966332972049713,0.01891148895083461,,,0
half,202,continued,22,1,1,19,False,0,,31,31,17.180675640702248,True,True,0.030010651797056198,0.004509881364356261,,,0
half,202,continued,23,1,1,11,False,0,,39,39,11.476312763988972,True,True,0.038938265293836594,0.0033594496926525608,,,0
half,202,continued,24,1,1,12,False,0,,38,38,11.989971622824669,True,True,0.06218922138214111,0.015566381989629008,,,0
half,202,continued,25,1,1,14,False,0,,36,36,10.812338441610336,True,True,0.03156932070851326,0.007520156032114755,,,0
half,202,continued,26,1,1,17,False,0,,33,33,5.458074156194925,True,True,0.02899031527340412,0.011340587661834434,,,0
half,202,continued,27,1,1,16,False,0,,34,34,18.191402778029442,True,True,0.07412969321012497,0.015501818779739551,,,0
half,202,continued,28,1,1,15,False,0,,35,35,14.109593816101551,True,True,0.028157614171504974,0.007914026355138049,,,0
half,202,continued,29,1,1,19,False,0,,31,31,15.803122892975807,True,True,0.02964707836508751,0.007180770353443222,,,0
half,202,continued,30,1,1,13,False,0,,37,37,23.83042313158512,True,True,0.04010574892163277,0.0028403476335370215,,,0
half,202,continued,31,1,1,14,False,0,,36,36,20.616989582777023,True,True,0.04430723562836647,0.014914248822606169,,,0
half,202,hold,0,1,1,30,False,20,,20,20,19.975604489445686,True,True,0.024651234969496727,0.009788991519599222,0.0015941411256790161,0.0,0
half,202,hold,1,1,1,14,False,36,,36,36,14.913947321474552,True,True,0.03687101602554321,0.003507763040033751,0.0009583979845046997,0.0,0
half,202,hold,2,1,1,10,False,40,,40,40,8.415117859840393,True,True,0.05519508197903633,0.006064177796361037,0.0010325908660888672,0.0,0
half,202,hold,3,1,1,18,False,32,,32,32,23.43137562274933,True,True,0.02741960622370243,0.0013016011735089705,0.0012969374656677246,0.0,0
half,202,hold,4,1,1,32,False,18,,18,18,13.055611401796341,True,True,0.02088155224919319,0.05638462243950926,0.0014042556285858154,0.0,0
half,202,hold,5,1,1,13,False,37,,37,37,1.9596584606915712,True,True,0.039652325212955475,0.004119212007935857,0.0008536875247955322,0.0,0
half,202,hold,6,1,1,20,False,30,,30,30,17.149973660707474,True,True,0.02868906408548355,0.00268458506980096,0.0010392928961664438,0.0,0
half,202,hold,7,1,1,22,False,28,,28,28,19.078725948929787,True,True,0.03124391660094261,0.0014692070635646814,0.0012116432189941406,0.0,0
half,202,hold,8,1,1,14,False,36,,36,36,15.138579532504082,True,True,0.03819691017270088,0.004355102646513842,0.0010770857334136963,0.0,0
half,202,hold,9,1,1,19,False,31,,31,31,23.230241611599922,True,True,0.050439655780792236,0.001105290834857442,0.0012630820274353027,0.0,0
half,202,hold,10,1,1,12,False,38,,38,38,20.84372192621231,True,True,0.040358029305934906,0.0037752054140582914,0.0009110979735851288,0.0,0
half,202,hold,11,1,1,12,False,38,,38,38,23.778922855854034,True,True,0.04744414985179901,0.003120252358712605,0.0015263557434082031,0.0,0
half,202,hold,12,1,1,21,False,29,,29,29,17.912238836288452,True,True,0.02784091979265213,0.005794125627289759,0.001942068338394165,0.0,0
half,202,hold,13,1,1,28,False,22,,22,22,16.262885183095932,True,True,0.03541167080402374,0.0013553672033594921,0.0022100061178207397,0.0,0
half,202,hold,14,1,1,19,False,31,,31,31,19.4870475679636,True,True,0.02759270742535591,0.0006452480079133238,0.0012907087802886963,0.0,0
half,202,hold,15,1,1,13,False,37,,37,37,20.08507400751114,True,True,0.011105176992714405,0.0051656211326189805,0.001289932057261467,0.0,0
half,202,hold,16,1,1,20,False,30,,30,30,17.02997088432312,True,True,0.03221265599131584,0.004549349796434399,0.0014370530843734741,0.0,0
half,202,hold,17,1,1,16,False,34,,34,34,15.925070270895958,True,True,0.02037738636136055,0.002220589067292167,0.0012115538120269775,0.0,0
half,202,hold,18,1,1,14,False,36,,36,36,15.048091299831867,True,True,0.03783130273222923,0.003951207418140257,0.0011470913887023926,0.0,0
half,202,hold,19,1,1,16,False,34,,34,34,12.620467692613602,True,True,0.00606192322447896,0.0012063250096616684,0.0009790211915969849,0.0,0
half,202,hold,20,1,1,22,False,28,,28,28,18.5789093375206,True,True,0.03900768607854843,0.0010446730129842763,0.0009458959102630615,0.0,0
half,202,hold,21,1,1,9,False,41,,41,41,12.109520845115185,True,True,0.0443897470831871,0.009543828127789311,0.00106734037399292,0.0,0
half,202,hold,22,1,1,19,False,31,,31,31,20.736241713166237,True,True,0.02121712453663349,0.002077526005450636,0.0014986097812652588,0.0,0
half,202,hold,23,1,1,11,False,39,,39,39,12.76660431176424,True,True,0.035120707005262375,0.0037318066006264417,0.0009245686233043671,0.0,0
half,202,hold,24,1,1,12,False,38,,38,38,10.940898209810257,True,True,0.022477833554148674,0.027454399969428778,0.004798624664545059,4.656612873077393e-10,0
half,202,hold,25,1,1,14,False,36,,36,36,18.13472807407379,True,True,0.01766924187541008,0.002792080749713932,0.0010584667325019836,0.0,0
half,202,hold,26,1,1,17,False,33,,33,33,14.425359666347504,True,True,0.04161744937300682,0.0011945827509407536,0.0007281685248017311,0.0,0
half,202,hold,27,1,1,16,False,34,,34,34,14.312796294689178,True,True,0.029422111809253693,0.0006136228307696001,0.0011395812034606934,0.0,0
half,202,hold,28,1,1,15,False,35,,35,35,12.930483557283878,True,True,0.05387580394744873,0.0031607669370714575,0.0013552531599998474,0.0,0
half,202,hold,29,1,1,19,False,31,,31,31,17.379648983478546,True,True,0.0216858871281147,0.0010785117865452776,0.001247018575668335,0.0,0
half,202,hold,30,1,1,13,False,37,,37,37,18.21090094745159,True,True,0.033739883452653885,0.004088094556209398,0.0013531744480133057,0.0,0
half,202,hold,31,1,1,14,False,36,,36,36,11.89473643898964,True,True,0.018803104758262634,0.005598274583462626,0.0014412999153137207,0.0,0
half,303,continued,0,1,1,29,False,0,,21,21,6.758612114936113,True,True,0.06784363836050034,0.00428837711297092,,,0
half,303,continued,1,1,1,14,False,0,,36,36,7.541194558143616,True,True,0.026770520955324173,0.004696357336797519,,,0
half,303,continued,2,1,1,10,False,0,,40,40,8.290738798677921,True,True,0.02088204398751259,0.013014071555517148,,,0
half,303,continued,3,1,1,18,False,0,,32,32,10.63598319888115,True,True,0.03834734857082367,0.006111429684096947,,,0
half,303,continued,4,1,1,31,False,0,,19,19,5.4465592838823795,True,True,0.08006182312965393,0.0019159465409757104,,,0
half,303,continued,5,1,1,12,False,0,,38,38,10.552316904067993,True,True,0.037071503698825836,0.03001738150487654,,,0
half,303,continued,6,1,1,19,False,0,,31,31,4.650484304875135,True,True,0.039492979645729065,0.015415456800838001,,,0
half,303,continued,7,1,1,22,False,0,,28,28,11.190543882548809,True,True,0.039692383259534836,0.005791757757833693,,,0
half,303,continued,8,1,1,14,False,0,,36,36,14.271901920437813,True,True,0.07411235570907593,0.01313935536018107,,,0
half,303,continued,9,1,1,18,False,0,,32,32,9.225336834788322,True,True,0.04438019171357155,0.0035074401694146218,,,0
half,303,continued,10,1,1,12,False,0,,38,38,10.257864370942116,True,True,0.025976844131946564,0.010627535630192142,,,0
half,303,continued,11,1,1,12,False,0,,38,38,3.301935037598014,True,True,0.01729336753487587,0.009695297194411978,,,0
half,303,continued,12,1,1,22,False,0,,28,28,3.750257194042206,True,True,0.03677072376012802,0.008397661986236926,,,0
half,303,continued,13,1,1,28,False,0,,22,22,12.465028092265129,True,True,0.04723653942346573,0.007194772933871718,,,0
half,303,continued,14,1,1,20,False,0,,30,30,12.197664007544518,True,True,0.053991638123989105,7.065498270094395,,,0
half,303,continued,15,1,1,12,False,0,,38,38,7.684529293328524,True,True,0.018179694190621376,0.04009392068837769,,,0
half,303,continued,16,1,1,20,False,0,,30,30,16.197524964809418,True,True,0.041519664227962494,0.0038799989852122962,,,0
half,303,continued,17,1,1,16,False,0,,34,34,2.96802818775177,True,True,0.028452668339014053,0.014086445844441187,,,0
half,303,continued,18,1,1,14,False,0,,36,36,11.622410267591476,True,True,0.057049863040447235,0.025642564651207067,,,0
half,303,continued,19,1,1,16,False,0,,34,34,8.115359582006931,True,True,0.03228561952710152,0.0009303275305683201,,,0
half,303,continued,20,1,1,22,False,0,,28,28,8.461927063763142,True,True,0.027125556021928787,0.013021013728575781,,,0
half,303,continued,21,1,1,9,False,0,,41,41,8.165585808455944,True,True,0.03458017855882645,0.008254881322500296,,,0
half,303,continued,22,1,1,20,False,0,,30,30,6.838124245405197,True,True,0.03643282130360603,0.0033454202821303625,,,0
half,303,continued,23,1,1,11,False,0,,39,39,8.878438733518124,True,True,0.029829520732164383,0.018410823031445034,,,0
half,303,continued,24,1,1,13,False,0,,37,37,7.241390645503998,True,True,0.022757966071367264,0.02572015000623651,,,0
half,303,continued,25,1,1,14,False,0,,36,36,3.402235684916377,True,True,0.011803370900452137,0.014443065992963966,,,0
half,303,continued,26,1,1,17,False,0,,33,33,4.912910051643848,True,True,0.02900318242609501,0.009220562787959352,,,0
half,303,continued,27,1,1,16,False,0,,34,34,16.263723373413086,True,True,0.015314633026719093,0.00744993531043292,,,0
half,303,continued,28,1,1,15,False,0,,35,35,7.3416572995483875,True,True,0.015935558825731277,0.015873112715780735,,,0
half,303,continued,29,1,1,19,False,0,,31,31,7.5276740826666355,True,True,0.03618021309375763,0.006796787602070253,,,0
half,303,continued,30,0,1,15,False,0,21,5,5,251.19560956954956,False,False,0.24321380257606506,69.42614167928696,,,0
half,303,continued,31,1,1,13,False,0,,37,37,14.472131617367268,True,True,0.016304269433021545,0.010237647984467912,,,0
half,303,hold,0,1,1,29,False,21,,21,21,23.62406626343727,True,True,0.028845958411693573,0.0018949965578940464,0.0011445581912994385,0.0,0
half,303,hold,1,1,1,14,False,36,,36,36,20.558150485157967,True,True,0.013301546685397625,0.002541300318625872,0.0013012886047363281,0.0,0
half,303,hold,2,1,1,10,False,40,,40,40,23.857086896896362,True,True,0.00506227370351553,0.0010263860303894035,0.0011452138423919678,0.0,0
half,303,hold,3,1,1,18,False,32,,32,32,22.85814844071865,True,True,0.028724534437060356,0.0007695705903643102,0.00154036283493042,0.0,0
half,303,hold,4,1,1,31,False,19,,19,19,23.24925735592842,True,True,0.028558610007166862,0.0026249754228047095,0.0021552741527557373,0.0,0
half,303,hold,5,1,1,12,False,38,,38,38,21.237535402178764,True,True,0.02840643934905529,0.010059799933515023,0.004411876201629639,0.0,0
half,303,hold,6,1,1,19,False,31,,31,31,18.586870282888412,True,True,0.02994145266711712,0.0016550945929338923,0.001461625099182129,0.0,0
half,303,hold,7,1,1,22,False,28,,28,28,23.23373779654503,True,True,0.01018337719142437,0.0018718418459684472,0.0011839866638183594,0.0,0
half,303,hold,8,1,1,14,False,36,,36,36,13.501857407391071,True,True,0.054789770394563675,0.0037790559872519225,0.000960126519203186,0.0,0
half,303,hold,9,1,1,18,False,32,,32,32,24.560267105698586,True,True,0.03892989829182625,0.0021582616227533435,0.001373291015625,0.0,0
half,303,hold,10,1,1,12,False,38,,38,38,16.424551606178284,True,True,0.030970698222517967,0.005699346729670651,0.0012147724628448486,0.0,0
half,303,hold,11,1,1,12,False,38,,38,38,22.76448905467987,True,True,0.003620108822360635,0.0027592152491706656,0.0007950663566589355,0.0,0
half,303,hold,12,1,1,22,False,28,,28,28,19.335675984621048,True,True,0.008463981561362743,0.0007973723086251994,0.0008822530508041382,0.0,0
half,303,hold,13,1,1,28,False,22,,22,22,22.373240441083908,True,True,0.0072036487981677055,0.0021649916561727878,0.0014787912368774414,0.0,0
half,303,hold,14,0,1,20,False,30,29,8,8,27.062421664595604,True,True,0.026784786954522133,7.125288713723421,0.0018239319324493408,0.0,0
half,303,hold,15,1,1,12,False,38,,38,38,13.881348073482513,True,True,0.007941258139908314,0.009026540283230133,0.002381984144449234,0.0,0
half,303,hold,16,1,1,20,False,30,,30,30,14.15550522506237,True,True,0.021202759817242622,0.008944122782850172,0.0027445554733276367,0.0,0
half,303,hold,17,1,1,16,False,34,,34,34,22.712061181664467,True,True,0.005968728102743626,0.0018260377601109212,0.0011195987462997437,0.0,0
half,303,hold,18,1,1,14,False,36,,36,36,16.912182793021202,True,True,0.040549859404563904,0.005732661520596594,0.0018793940544128418,0.0,0
half,303,hold,19,1,1,16,False,34,,34,34,20.068541169166565,True,True,0.029104385524988174,0.002650729811648489,0.000947907567024231,0.0,0
half,303,hold,20,1,1,22,False,28,,28,28,17.405107617378235,True,True,0.0035759853199124336,0.0009418270678906993,0.0009463876485824585,0.0,0
half,303,hold,21,1,1,9,False,41,,41,41,15.565341338515282,True,True,0.03515318036079407,0.00749154378354433,0.001735091209411621,0.0,0
half,303,hold,22,1,1,20,False,30,,30,30,20.458977669477463,True,True,0.02452179044485092,0.0017343967328997678,0.0012394040822982788,0.0,0
half,303,hold,23,1,1,11,False,39,,39,39,15.34476038068533,True,True,0.010976866818964481,0.009481989764026366,0.0026763975620269775,0.0,0
half,303,hold,24,1,1,13,False,37,,37,37,10.496377944946289,True,True,0.009890844114124775,0.018531723981141113,0.004687843844294548,0.0,0
half,303,hold,25,1,1,14,False,36,,36,36,15.534946694970131,True,True,0.0075829909183084965,0.0027605124159890693,0.0011428743600845337,0.0,0
half,303,hold,26,1,1,17,False,33,,33,33,18.7099389731884,True,True,0.036092743277549744,0.002735172074608272,0.0014496594667434692,0.0,0
half,303,hold,27,1,1,16,False,34,,34,34,19.21023614704609,True,True,0.022850338369607925,0.007505871053581359,0.002210184931755066,0.0,0
half,303,hold,28,1,1,15,False,35,,35,35,16.982439905405045,True,True,0.019806301221251488,0.0030696489830006612,0.0015194490551948547,0.0,0
half,303,hold,29,1,1,19,False,31,,31,31,23.799339309334755,True,True,0.02822846733033657,0.0022952797280595405,0.002258807420730591,0.0,0
half,303,hold,30,0,1,15,False,35,26,10,10,207.18194544315338,True,False,0.00010843510244740173,189.14292752742767,0.0021208226680755615,0.0,0
half,303,hold,31,1,1,13,False,37,,37,37,15.298144891858101,True,True,0.012315858155488968,0.007271058620972326,0.003659456968307495,0.0,0
