name	compress_type	compressed_bytes	uncompressed_bytes	header_offset	crc32	flag_bits
data/	0	0	0	0	00000000	0
data/2025-01-09-14-28-47.h5	8	717378111	3083371092	67	e372414b	8
data/2025-01-09-13-59-54.h5	8	749570406	3268349083	717378283	db7447b1	8
data/2025-01-11-11-35-53.h5	8	317210941	1376410768	1466948794	88c039cc	8
data/2025-01-11-13-46-54.h5	8	472148561	2009386634	1784159840	44e3b749	8
data/2025-01-13-15-50-28.h5	8	604347889	2742541882	2256308506	701ae4fa	8
data/2025-01-13-17-02-10.h5	8	299148060	1355669125	2860656500	aaae299d	8
data/2025-01-09-15-49-10.h5	8	515221354	2366932129	3159804665	4e4e6d59	8
data/2025-01-10-16-30-49.h5	8	417889466	1899589409	3675026124	0a1a1bbc	8
data/2025-01-13-18-53-43.h5	8	328124706	1500248969	4092915695	eb4120a6	8
data/2025-01-13-10-14-56.h5	8	464275113	2184367969	4421040506	729f5443	8
data/2025-01-13-18-32-31.h5	8	497136489	2173244164	4885315724	3ee98c00	8
data/2025-01-13-11-16-17.h5	8	166146072	779730941	5382452318	cac35c52	8
data/2025-01-10-16-29-00.h5	8	99377321	436249476	5548598495	cd7431d2	8
data/2025-01-13-19-19-46.h5	8	667804840	3013899911	5647975921	51bf7081	8
data/2025-01-09-19-28-18.h5	8	150346853	680000833	6315780866	358fe866	8
data/2025-01-10-18-31-44.h5	8	608549250	2646890187	6466127824	86f6557a	8
data/2025-01-11-15-27-19.h5	8	283908958	1279621445	7074677179	bc1dc26f	8
data/2025-01-14-12-05-01.h5	8	389690814	1819979888	7358586242	0f13dd4c	8
data/2025-01-09-17-23-07.h5	8	714206055	3128882436	7748277161	31447cd6	8
data/2025-01-14-11-19-51.h5	8	618175225	2794293475	8462483321	f461efae	8
data/2025-01-09-18-52-39.h5	8	591008282	2566237483	9080658651	c592fc7c	8
data/2025-01-11-11-55-48.h5	8	183956720	840934992	9671667038	699dfd04	8
data/2025-01-10-16-19-15.h5	8	685242389	3057422102	9855623863	0c3129bc	8
data/2025-01-11-15-35-08.h5	8	206364858	904787849	10540866357	f669f57d	8
data/2025-01-11-14-54-27.h5	8	333881704	1489474411	10747231320	7e7256ac	8
data/2025-01-09-19-14-15.h5	8	42582966	182430491	11081113129	ebbacb32	8
data/2025-01-11-14-22-09.h5	8	370970967	1690374606	11123696200	e8b86f89	8
data/2025-01-09-19-24-18.h5	8	266763440	1233126679	11494667272	d1a1ae5b	8
data/2025-01-11-14-04-40.h5	8	135332444	508163673	11761430817	23ae80e5	8
data/2025-01-10-15-39-56.h5	8	30094802	133675078	11896763366	7f129bc7	8
data/2025-01-11-11-59-40.h5	8	581078662	2576251000	11926858273	4d966abd	8
data/2025-01-09-15-37-27.h5	8	619203909	2725492040	12507937040	53be6d23	8
data/2025-01-13-19-29-01.h5	8	320372691	1507232215	13127141054	692cab28	8
data/2025-01-13-11-07-43.h5	8	658496004	3039806256	13447513850	b76d86b1	8
data/2025-01-13-16-57-41.h5	8	214498602	948412740	14106009959	23e41b2e	8
data/2025-01-13-09-51-50.h5	8	350067945	1615026006	14320508666	c8d9988e	8
data/2025-01-11-15-10-57.h5	8	428675034	2019101212	14670576716	01b85922	8
data/2025-01-09-16-55-42.h5	8	474753369	2207257578	15099251855	455839b9	8
data/2025-01-11-11-21-44.h5	8	459700111	2052225741	15574005329	74ff71e9	8
data/2025-01-11-13-55-45.h5	8	89175160	376933355	16033705545	e0288377	8
data/2025-01-14-10-49-57.h5	8	285929115	1308855377	16122880810	c1889688	8
data/2025-01-10-16-37-45.h5	8	632326954	2788600595	16408810030	37160f4d	8
data/2025-01-09-14-40-21.h5	8	372200602	1616602437	17041137089	556b2ade	8
data/2025-01-09-18-08-36.h5	8	594469518	2530007432	17413337796	2dcdb0ce	8
data/2025-01-09-14-11-58.h5	8	419555065	1802541010	18007807419	2bec9f7e	8
data/2025-01-09-14-57-02.h5	8	281257505	1223824262	18427362589	e248506b	8
data/2025-01-13-10-05-22.h5	8	691944293	3132829709	18708620199	790a188a	8
data/2025-01-10-17-25-29.h5	8	692672013	3050575599	19400564597	3258f9ef	8
data/2025-01-09-18-18-47.h5	8	137562823	601959210	20093236715	da8940ce	8
data/2025-01-13-17-40-45.h5	8	226494967	1003655666	20230799643	67848f09	8
data/2025-01-13-17-34-32.h5	8	357135521	1660694262	20457294715	c571a350	8
data/2025-01-09-19-15-33.h5	8	545565788	2385708909	20814430341	1de6fea4	8
data/2025-01-14-10-05-38.h5	8	289391592	1300223425	21359996234	f86812b0	8
data/2025-01-13-09-43-29.h5	8	546756761	2430490206	21649387931	eb6e603d	8
data/2025-01-13-15-18-12.h5	8	240532583	1069600034	22196144797	fe1c069f	8
data/2025-01-09-17-14-59.h5	8	461431148	2131263990	22436677485	d1227347	8
data/2025-01-10-15-28-50.h5	8	277895994	1194577758	22898108738	57ac837a	8
data/2025-01-14-11-30-33.h5	8	232704537	1067089543	23176004837	793d42be	8
data/2025-01-10-17-54-09.h5	8	661839106	3019482301	23408709479	c8c3e399	8
data/2025-01-14-11-50-46.h5	8	145768447	695991766	24070548690	92f27729	8
data/2025-01-13-11-01-25.h5	8	373102125	1703564681	24216317242	b0f46aa0	8
data/2025-01-11-14-09-00.h5	8	348941968	1505842772	24589419472	9d2ec080	8
data/2025-01-13-11-18-57.h5	8	248715778	1157012353	24938361545	b4ed2561	8
data/2025-01-13-15-11-07.h5	8	441564501	1919725112	25187077428	4b77472d	8
data/2025-01-13-16-52-33.h5	8	294794597	1350539762	25628642034	68128af2	8
data/2025-01-10-18-23-40.h5	8	431144056	1879604370	25923436736	8320389c	8
data/2025-01-11-15-02-03.h5	8	621369749	2849788808	26354580897	e4cc904e	8
data/2025-01-09-13-57-17.h5	8	92626662	382120140	26975950751	6cab1d69	8
data/2025-01-09-17-40-57.h5	8	259434143	1099350159	27068577518	980cfd9c	8
data/2025-01-11-13-42-45.h5	8	152961582	648715712	27328011766	3ae31ee9	8
data/2025-01-11-15-18-22.h5	8	546192734	2332023867	27480973453	62b05759	8
data/2025-01-13-17-52-32.h5	8	330875276	1567406910	28027166292	14cbcf90	8
data/2025-01-11-12-22-42.h5	8	478774975	2135338651	28358041673	1f714234	8
data/2025-01-14-10-28-24.h5	8	303560668	1362584481	28836816753	0a4851e9	8
data/2025-01-09-19-06-44.h5	8	394286616	1729515061	29140377526	1a309285	8
data/2025-01-09-18-44-37.h5	8	436933402	1978562065	29534664247	25293b48	8
data/2025-01-09-17-51-35.h5	8	583463817	2575814219	29971597754	3cda7221	8
data/2025-01-10-18-12-06.h5	8	741170426	3244181497	30555061676	1c1a98dc	8
data/2025-01-10-15-40-55.h5	8	481328342	2131094625	31296232207	68ef39a3	8
data/2025-01-13-19-08-03.h5	8	412592465	1808669666	31777560654	123fe628	8
data/2025-01-14-11-36-55.h5	8	658376005	3085984132	32190153224	04f9c5e1	8
data/2025-01-13-16-06-01.h5	8	593327659	2690166422	32848529334	0fa61e15	8
data/2025-01-14-10-34-43.h5	8	552075536	2381628330	33441857098	d8d15e3e	8
data/2025-01-13-14-57-37.h5	8	570356883	2526968945	33993932739	97497a9f	8
data/2025-01-13-16-14-09.h5	8	354490892	1637989451	34564289727	61970542	8
data/2025-01-14-10-57-14.h5	8	682580494	3123151042	34918780724	12b64fa5	8
data/2025-01-10-17-19-03.h5	8	360959158	1603647908	35601361323	e6aba590	8
data/2025-01-09-15-30-21.h5	8	437872059	2010820296	35962320586	f5e862f2	8
data/2025-01-10-17-36-05.h5	8	357452489	1600748730	36400192750	c370718a	8
data/2025-01-09-17-03-05.h5	8	809379178	3596796616	36757645344	434cc237	8
data/2025-01-09-15-27-49.h5	8	145316752	638989160	37567024627	d4da1dd0	8
data/2025-01-13-16-19-55.h5	8	619907124	2876686269	37712341484	6aa5bfc9	8
data/2025-01-11-13-59-43.h5	8	262374776	1046694398	38332248713	b26194ce	8
data/2025-01-11-14-45-48.h5	8	420480940	1901970690	38594623594	2ab8735d	8
data/2025-01-10-15-34-33.h5	8	337767018	1478556134	39015104639	d1514ba9	8
data/2025-01-09-18-41-38.h5	8	196544157	897860450	39352871762	a17f70af	8
data/2025-01-11-11-29-58.h5	8	271891693	1161264847	39549416024	32e0692d	8
data/2025-01-13-10-51-29.h5	8	660913741	2932237713	39821307822	1bfc7dc0	8
data/2025-01-13-18-45-09.h5	8	678822635	3165892683	40482221668	a7ae7c26	8
data/2025-01-13-17-46-07.h5	8	340654493	1539725497	41161044408	9b7b13a3	8
data/2025-01-09-18-21-40.h5	8	400101678	1760209539	41501699006	9f23abde	8
data/2025-01-13-11-44-13.h5	8	563067653	2519930267	41901800789	b1155604	8
data/2025-01-14-09-57-36.h5	8	514690863	2299602009	42464868547	a772a999	8
data/2025-01-13-18-06-08.h5	8	212949853	981122644	42979559515	5258426c	8
data/2025-01-13-16-27-57.h5	8	320752636	1481491385	43192509473	c8e1cb22	8
data/2025-01-13-11-31-57.h5	8	349499369	1488324716	43513262214	38ae08bf	8
data/2025-01-09-15-08-11.h5	8	72717044	303154613	43862761688	3dde59a2	8
data/2025-01-13-17-51-11.h5	8	34116508	159616702	43935478837	88331672	8
data/2025-01-13-19-04-46.h5	8	63005412	261423980	43969595450	c17b0bd6	8
data/2025-01-09-15-46-39.h5	8	127635595	567291591	44032600967	77a52c13	8
data/2025-01-14-11-28-33.h5	8	109087231	473143263	44160236667	df881022	8
data/2025-01-09-15-18-29.h5	8	559637434	2493347265	44269324003	be3d916c	8
data/2025-01-13-18-16-38.h5	8	682482456	3209818358	44828961542	68a28175	8
data/2025-01-09-18-00-33.h5	8	426222112	1875566503	45511444103	10825335	8
data/2025-01-14-11-06-43.h5	8	385215677	1711781696	45937666320	e6807ca1	8
data/2025-01-11-11-12-32.h5	8	650485738	3000652984	46322882102	14c35807	8
data/2025-01-09-16-44-57.h5	8	737606866	3309374356	46973367945	d140858b	8
data/2025-01-13-18-25-52.h5	8	539225260	2679754704	47710974916	535b9efe	8
data/2025-01-13-17-57-45.h5	8	603510208	2731321653	48250200281	d4cdff1d	8
data/2025-01-11-14-43-37.h5	8	23977315	102449944	48853710594	1f3985c6	8
data/2025-01-11-14-59-16.h5	8	83406982	381511180	48877688014	33b2c542	8
data/2025-01-10-16-17-40.h5	8	48719349	218979938	48961095101	045b6595	8
data/2025-01-13-11-23-17.h5	8	481337003	2181798322	49009814555	df79ff2a	8
data/2025-01-13-15-58-56.h5	8	349815002	1618997237	49491151663	97ac51ce	8
data/2025-01-11-14-35-33.h5	8	273490528	1242248068	49840966770	7844562f	8
data/2025-01-09-15-02-21.h5	8	321714587	1442083499	50114457403	02db85f8	8
data/2025-01-14-11-53-50.h5	8	668811247	3009363210	50436172095	460f8909	8
data/2025-01-10-15-49-06.h5	8	697943746	3032145536	51104983447	dcb81462	8
data/2025-01-11-15-32-26.h5	8	70429126	292429147	51802927298	575a10af	8
data/2025-01-14-11-45-36.h5	8	388929489	1883923588	51873356529	035c9cda	8
data/2025-01-14-10-54-26.h5	8	89223938	391059914	52262286123	a45fe9d5	8
data/2025-01-13-19-14-28.h5	8	350818331	1664911328	52351510166	3a61763e	8
data/2025-01-09-17-34-18.h5	8	383025818	1746130972	52702328602	fed2afdd	8
data/2025-01-13-11-37-50.h5	8	324077075	1440364101	53085354525	a7c989e2	8
data/2025-01-10-18-03-36.h5	8	481576595	2197010826	53409431705	fca1bb8b	8
data/2025-01-10-17-10-38.h5	8	531742779	2345254686	53891008405	eae4d137	8
data/2025-01-13-15-06-09.h5	8	270603326	1218238744	54422751289	c754920a	8
data/2025-01-11-11-51-20.h5	8	266138982	1187641676	54693354720	4472b8a7	8
data/2025-01-11-14-40-46.h5	8	135058990	601925940	54959493807	4133d010	8
data/2025-01-09-18-34-34.h5	8	425502531	1897803328	55094552902	db5cc4ea	8
data/2025-01-10-18-41-18.h5	8	367224318	1642470636	55520055538	84062b93	8
data/2025-01-13-18-59-44.h5	8	219577666	977369378	55887279961	b30431fb	8
data/2025-01-13-18-40-21.h5	8	232503850	1065461577	56106857732	b83f83d4	8
data/2025-01-11-14-14-43.h5	8	453490757	2006214246	56339361687	d3035f69	8
data/2025-01-10-16-47-15.h5	8	408998782	1845443553	56792852549	f8924f57	8
data/2025-01-13-11-52-19.h5	8	330972865	1532643713	57201851436	ff39f44a	8
data/2025-01-09-14-47-32.h5	8	424660949	1830219506	57532824406	35e51f54	8
data/2025-01-13-16-45-31.h5	8	547578026	2545584956	57957485460	5660b820	8
data/2025-01-10-15-59-54.h5	8	376253384	1647138964	58505063591	dc124c3f	8
