condition,mode,frequency,repeat,initial_state,success_at_end,success_once,final_goal_distance_mm,final_arm_speed,first_success_control_step
closed_100_0,closed,100,0,0,True,True,9.61078330874443,0.044447749853134155,31
closed_100_0,closed,100,0,1,True,True,10.604633018374443,0.03950371593236923,15
closed_100_0,closed,100,0,2,True,True,11.152314022183418,0.055566202849149704,27
closed_100_0,closed,100,0,3,True,True,11.77907269448042,0.04227890446782112,13
closed_100_0,closed,100,0,4,True,True,7.35578453168273,0.03354485332965851,21
closed_100_0,closed,100,0,5,True,True,10.363694280385971,0.043394964188337326,28
closed_100_0,closed,100,0,6,True,True,9.715394116938114,0.030382296070456505,34
closed_100_0,closed,100,0,7,True,True,12.670716270804405,0.02439069375395775,13
closed_100_1,closed,100,1,0,True,True,9.61078330874443,0.044447749853134155,31
closed_100_1,closed,100,1,1,True,True,10.604633018374443,0.03950371593236923,15
closed_100_1,closed,100,1,2,True,True,11.152314022183418,0.055566202849149704,27
closed_100_1,closed,100,1,3,True,True,11.77907269448042,0.04227890446782112,13
closed_100_1,closed,100,1,4,True,True,7.35578453168273,0.03354485332965851,21
closed_100_1,closed,100,1,5,True,True,10.363694280385971,0.043394964188337326,28
closed_100_1,closed,100,1,6,True,True,9.715394116938114,0.030382296070456505,34
closed_100_1,closed,100,1,7,True,True,12.670716270804405,0.02439069375395775,13
closed_200_0,closed,200,0,0,True,True,9.874274022877216,0.02934284321963787,31
closed_200_0,closed,200,0,1,True,True,12.250429019331932,0.03050048276782036,16
closed_200_0,closed,200,0,2,True,True,11.30628865212202,0.0337592177093029,27
closed_200_0,closed,200,0,3,True,True,13.292749412357807,0.03911139816045761,12
closed_200_0,closed,200,0,4,True,True,7.506142370402813,0.02407330833375454,21
closed_200_0,closed,200,0,5,True,True,10.926663875579834,0.029708921909332275,27
closed_200_0,closed,200,0,6,True,True,9.6083153039217,0.030158784240484238,34
closed_200_0,closed,200,0,7,True,True,12.345308437943459,0.030935032293200493,13
closed_200_1,closed,200,1,0,True,True,9.874274022877216,0.02934284321963787,31
closed_200_1,closed,200,1,1,True,True,12.250429019331932,0.03050048276782036,16
closed_200_1,closed,200,1,2,True,True,11.30628865212202,0.0337592177093029,27
closed_200_1,closed,200,1,3,True,True,13.292749412357807,0.03911139816045761,12
closed_200_1,closed,200,1,4,True,True,7.506142370402813,0.02407330833375454,21
closed_200_1,closed,200,1,5,True,True,10.926663875579834,0.029708921909332275,27
closed_200_1,closed,200,1,6,True,True,9.6083153039217,0.030158784240484238,34
closed_200_1,closed,200,1,7,True,True,12.345308437943459,0.030935032293200493,13
closed_400_0,closed,400,0,0,True,True,10.190640576183796,0.03343111649155617,30
closed_400_0,closed,400,0,1,True,True,12.348325923085213,0.026548361405730247,16
closed_400_0,closed,400,0,2,True,True,11.000577360391617,0.02675815112888813,26
closed_400_0,closed,400,0,3,True,True,14.910903759300709,0.027781927958130836,12
closed_400_0,closed,400,0,4,True,True,7.6125143095850945,0.02509218640625477,21
closed_400_0,closed,400,0,5,True,True,11.639336124062538,0.021888459101319313,26
closed_400_0,closed,400,0,6,True,True,9.805615991353989,0.03059331886470318,34
closed_400_0,closed,400,0,7,True,True,13.141769915819168,0.023331306874752045,13
closed_400_1,closed,400,1,0,True,True,10.190640576183796,0.03343111649155617,30
closed_400_1,closed,400,1,1,True,True,12.348325923085213,0.026548361405730247,16
closed_400_1,closed,400,1,2,True,True,11.000577360391617,0.02675815112888813,26
closed_400_1,closed,400,1,3,True,True,14.910903759300709,0.027781927958130836,12
closed_400_1,closed,400,1,4,True,True,7.6125143095850945,0.02509218640625477,21
closed_400_1,closed,400,1,5,True,True,11.639336124062538,0.021888459101319313,26
closed_400_1,closed,400,1,6,True,True,9.805615991353989,0.03059331886470318,34
closed_400_1,closed,400,1,7,True,True,13.141769915819168,0.023331306874752045,13
replay_100_0,replay,100,0,0,True,True,9.61078330874443,0.044447749853134155,31
replay_100_0,replay,100,0,1,True,True,10.604633018374443,0.03950371593236923,15
replay_100_0,replay,100,0,2,True,True,11.152314022183418,0.055566202849149704,27
replay_100_0,replay,100,0,3,True,True,11.77907269448042,0.04227890446782112,13
replay_100_0,replay,100,0,4,True,True,7.35578453168273,0.03354485332965851,21
replay_100_0,replay,100,0,5,True,True,10.363694280385971,0.043394964188337326,28
replay_100_0,replay,100,0,6,True,True,9.715394116938114,0.030382296070456505,34
replay_100_0,replay,100,0,7,True,True,12.670716270804405,0.02439069375395775,13
replay_100_1,replay,100,1,0,True,True,9.61078330874443,0.044447749853134155,31
replay_100_1,replay,100,1,1,True,True,10.604633018374443,0.03950371593236923,15
replay_100_1,replay,100,1,2,True,True,11.152314022183418,0.055566202849149704,27
replay_100_1,replay,100,1,3,True,True,11.77907269448042,0.04227890446782112,13
replay_100_1,replay,100,1,4,True,True,7.35578453168273,0.03354485332965851,21
replay_100_1,replay,100,1,5,True,True,10.363694280385971,0.043394964188337326,28
replay_100_1,replay,100,1,6,True,True,9.715394116938114,0.030382296070456505,34
replay_100_1,replay,100,1,7,True,True,12.670716270804405,0.02439069375395775,13
replay_200_0,replay,200,0,0,True,True,8.831674233078957,0.0352824367582798,31
replay_200_0,replay,200,0,1,True,True,10.773067362606525,0.026925668120384216,15
replay_200_0,replay,200,0,2,True,True,10.570336133241653,0.030264707282185555,27
replay_200_0,replay,200,0,3,True,True,12.237933464348316,0.03162101283669472,13
replay_200_0,replay,200,0,4,True,True,7.1533601731061935,0.02171773836016655,21
replay_200_0,replay,200,0,5,True,True,10.981638915836811,0.008966520428657532,28
replay_200_0,replay,200,0,6,True,True,9.878386743366718,0.03069167211651802,34
replay_200_0,replay,200,0,7,True,True,12.73627020418644,0.02882731333374977,13
replay_200_1,replay,200,1,0,True,True,8.831674233078957,0.0352824367582798,31
replay_200_1,replay,200,1,1,True,True,10.773067362606525,0.026925668120384216,15
replay_200_1,replay,200,1,2,True,True,10.570336133241653,0.030264707282185555,27
replay_200_1,replay,200,1,3,True,True,12.237933464348316,0.03162101283669472,13
replay_200_1,replay,200,1,4,True,True,7.1533601731061935,0.02171773836016655,21
replay_200_1,replay,200,1,5,True,True,10.981638915836811,0.008966520428657532,28
replay_200_1,replay,200,1,6,True,True,9.878386743366718,0.03069167211651802,34
replay_200_1,replay,200,1,7,True,True,12.73627020418644,0.02882731333374977,13
replay_400_0,replay,400,0,0,True,True,8.623464964330196,0.0468200221657753,31
replay_400_0,replay,400,0,1,True,True,11.163112707436085,0.02013985812664032,15
replay_400_0,replay,400,0,2,True,True,10.315547697246075,0.026269521564245224,27
replay_400_0,replay,400,0,3,True,True,12.51637190580368,0.03043883852660656,13
replay_400_0,replay,400,0,4,True,True,7.052710745483637,0.021940307691693306,20
replay_400_0,replay,400,0,5,True,True,11.10066007822752,0.01631227694451809,28
replay_400_0,replay,400,0,6,True,True,9.787625633180141,0.030795061960816383,34
replay_400_0,replay,400,0,7,True,True,12.728270143270493,0.02090410515666008,13
replay_400_1,replay,400,1,0,True,True,8.623464964330196,0.0468200221657753,31
replay_400_1,replay,400,1,1,True,True,11.163112707436085,0.02013985812664032,15
replay_400_1,replay,400,1,2,True,True,10.315547697246075,0.026269521564245224,27
replay_400_1,replay,400,1,3,True,True,12.51637190580368,0.03043883852660656,13
replay_400_1,replay,400,1,4,True,True,7.052710745483637,0.021940307691693306,20
replay_400_1,replay,400,1,5,True,True,11.10066007822752,0.01631227694451809,28
replay_400_1,replay,400,1,6,True,True,9.787625633180141,0.030795061960816383,34
replay_400_1,replay,400,1,7,True,True,12.728270143270493,0.02090410515666008,13
