seed,condition,route,success_final5,grasp_once,releases,first_success_s,final_goal_distance_m,mean_decision_latency_ms,mean_correction_norm,mean_prefix_prediction_error_m
32016,static,cv,True,True,0,1.5,0.0005917767994105816,0.052572088316082954,0.0,
32016,static,anchor,True,True,0,1.9000000000000001,0.008218074217438698,0.14008916914463043,0.0,
32016,static,policy2,True,True,0,1.85,0.009283551946282387,1.0161938611418009,0.0,
32016,static,policy1,True,True,0,1.9000000000000001,0.0060681444592773914,0.9526869282126427,0.0,
32016,static,fixed,True,True,0,1.6,0.004895292688161135,1.1980893556028605,0.045769333839416504,0.0003666905954560207
32016,static,feedback,True,True,0,1.9000000000000001,0.009001749567687511,1.2403900967910886,0.21090496145188808,0.00802660255576484
32016,moving,cv,True,True,0,2.15,0.0005913344793953001,0.049177370965480804,0.0,
32016,moving,anchor,False,False,0,,0.7599602937698364,0.13365268241614103,0.0,
32016,moving,policy2,False,False,0,,0.5163266658782959,0.9977364912629128,0.0,
32016,moving,policy1,False,False,0,,0.8903872966766357,0.9697458939626813,0.0,
32016,moving,fixed,True,True,0,2.15,0.012380177155137062,1.253157970495522,0.08995245173573493,0.0009411129431100562
32016,moving,feedback,True,True,0,2.15,0.003615502966567874,1.1902061756700277,0.1301698863506317,0.002654220316617284
32016,friction,cv,True,True,0,1.7000000000000002,0.0005906848818995059,0.05243481136858463,0.0,
32016,friction,anchor,True,True,0,2.0,0.011115999892354012,0.15647683758288622,0.0,
32016,friction,policy2,True,True,0,1.8,0.0015444224700331688,1.0039617773145437,0.0,
32016,friction,policy1,True,True,0,1.75,0.003929495811462402,0.951249327044934,0.0,
32016,friction,fixed,True,True,0,1.6,0.0026665078476071358,1.1795428348705173,0.05521263815462589,0.0006573743079570704
32016,friction,feedback,True,True,0,1.9000000000000001,0.009917552582919598,1.2285149656236172,0.2049458645284176,0.0048592017032206055
32017,static,cv,True,True,0,1.4500000000000002,0.0005918941460549831,0.049988506361842155,0.0,
32017,static,anchor,True,True,0,1.6500000000000001,0.0009799812687560916,0.13308057095855474,0.0,
32017,static,policy2,True,True,0,1.75,0.0011422605020925403,0.989996618591249,0.0,
32017,static,policy1,True,True,0,1.75,0.0027244649827480316,0.9739663684740663,0.0,
32017,static,fixed,True,True,0,1.75,0.00704759219661355,1.1800505220890045,0.0588643092662096,0.0006035566020727856
32017,static,feedback,True,True,0,1.55,0.008130636997520924,1.1925146682187915,0.11091743633151055,0.0035485036336467602
32017,moving,cv,True,True,0,1.4500000000000002,0.0005930444458499551,0.05087826866656542,0.0,
32017,moving,anchor,False,False,0,,0.4409712553024292,0.15497305430471897,0.0,
32017,moving,policy2,False,True,0,,0.05385361984372139,1.0022800415754318,0.0,
32017,moving,policy1,False,True,0,,0.03234388679265976,0.9461061330512166,0.0,
32017,moving,fixed,True,True,0,1.25,0.009315633215010166,1.2008097488433123,0.17369266636669636,0.0016867280690348707
32017,moving,feedback,True,True,0,1.4000000000000001,0.004552612081170082,1.2120249914005399,0.22213222198188304,0.006040034451871179
32017,friction,cv,True,True,0,1.4500000000000002,0.0005916871596127748,0.04788308870047331,0.0,
32017,friction,anchor,True,True,0,1.4500000000000002,0.011018664576113224,0.13832622207701206,0.0,
32017,friction,policy2,True,True,0,1.85,0.0021733720786869526,0.9942320175468922,0.0,
32017,friction,policy1,True,True,0,1.7000000000000002,0.007573210634291172,0.9703126503154635,0.0,
32017,friction,fixed,True,True,0,1.4000000000000001,0.002110607223585248,1.1872232193127275,0.04012244939804077,0.00048468546629010234
32017,friction,feedback,True,True,0,1.4000000000000001,0.005044864024966955,1.1928315041586757,0.22001352459192275,0.008510068137547932
32018,static,cv,True,True,0,1.5,0.0005914806388318539,0.051244162023067474,0.0,
32018,static,anchor,True,True,0,1.9500000000000002,0.00785068515688181,0.16275723464787006,0.0,
32018,static,policy2,True,True,0,1.8,0.0033946428447961807,1.0066162794828415,0.0,
32018,static,policy1,True,True,0,1.75,0.0108607467263937,0.9559291764162481,0.0,
32018,static,fixed,True,True,0,1.55,0.0042840526439249516,1.216085790656507,0.04319530036300421,0.0004855936214880785
32018,static,feedback,True,True,0,1.8,0.0012758799130097032,1.2288219295442104,0.08991919234395027,0.0029504555655876174
32018,moving,cv,True,True,0,1.6500000000000001,0.0005877541261725128,0.05676201544702053,0.0,
32018,moving,anchor,False,False,0,,0.7090299725532532,0.14999844133853912,0.0,
32018,moving,policy2,False,False,0,,0.27534177899360657,1.0126016102731228,0.0,
32018,moving,policy1,False,False,0,,0.843398928642273,0.9627817664295435,0.0,
32018,moving,fixed,True,True,0,2.35,0.009179165586829185,1.202164520509541,0.17269273977726698,0.0014860103401588276
32018,moving,feedback,True,True,0,2.15,0.01461227796971798,1.217861077748239,0.20584020670503378,0.004778082834673114
32018,friction,cv,True,True,0,1.5,0.0005928174941800535,0.05582100711762905,0.0,
32018,friction,anchor,True,True,0,1.85,0.02055364102125168,0.14910977333784103,0.0,
32018,friction,policy2,True,True,0,2.0,0.002425618702545762,1.0167980333790183,0.0,
32018,friction,policy1,True,True,0,2.0,0.0034793750382959843,0.9509202907793224,0.0,
32018,friction,fixed,True,True,0,1.85,0.007538923993706703,1.2223235331475735,0.07870609890669585,0.0011162956165208016
32018,friction,feedback,True,True,0,1.7000000000000002,0.0036969329230487347,1.1985952965915203,0.21489356700330972,0.007350104668876156
32019,static,cv,True,True,0,1.4500000000000002,0.0005925846635363996,0.04798681475222111,0.0,
32019,static,anchor,True,True,0,1.6500000000000001,0.005684162024408579,0.1364817377179861,0.0,
32019,static,policy2,True,True,0,1.85,0.007454869337379932,1.0079019935801625,0.0,
32019,static,policy1,True,True,0,1.6500000000000001,0.009240129962563515,0.9520316030830145,0.0,
32019,static,fixed,True,True,0,1.4500000000000002,0.0022798236459493637,1.1769473552703857,0.0464214138686657,0.00040803659512675947
32019,static,feedback,True,True,0,1.5,0.004584004171192646,1.1751501122489572,0.21458061560988426,0.005261863117630128
32019,moving,cv,True,True,0,1.5,0.0005906862206757069,0.054428051225841045,0.0,
32019,moving,anchor,False,True,0,,0.03429146856069565,0.13395638670772314,0.0,
32019,moving,policy2,True,True,0,2.2,0.012830270454287529,0.9960550116375089,0.0,
32019,moving,policy1,True,True,0,3.45,0.007046565413475037,0.945891544688493,0.0,
32019,moving,fixed,True,True,0,1.6500000000000001,0.002756126457825303,1.2296108761802316,0.05971585717052221,0.0004902670509181917
32019,moving,feedback,False,True,0,1.85,0.033677659928798676,1.2138140155002475,0.2103795249015093,0.011035871941567165
32019,friction,cv,True,True,0,1.5,0.0005919802351854742,0.059744808822870255,0.0,
32019,friction,anchor,True,True,0,1.8,0.00912255048751831,0.13575491029769182,0.0,
32019,friction,policy2,True,True,0,1.85,0.009099563583731651,1.038380223326385,0.0,
32019,friction,policy1,True,True,0,1.9500000000000002,0.01383243128657341,0.9580345125868917,0.0,
32019,friction,fixed,True,True,0,1.4500000000000002,0.0037323380820453167,1.1791272554546595,0.04756807088851929,0.0006244175601750612
32019,friction,feedback,True,True,0,1.55,0.0052569229155778885,1.2350450968369842,0.2045426953583956,0.006683277458068915
32020,static,cv,True,True,0,1.4500000000000002,0.0005917840753681958,0.048219459131360054,0.0,
32020,static,anchor,True,True,0,1.6500000000000001,0.00023555038205813617,0.1385428011417389,0.0,
32020,static,policy2,True,True,0,1.7000000000000002,0.010967148467898369,0.9978043846786022,0.0,
32020,static,policy1,True,True,0,1.7000000000000002,0.009773141704499722,0.970868777949363,0.0,
32020,static,fixed,True,True,0,1.4500000000000002,0.00381414033472538,1.1866353219375014,0.04647132121026516,0.0004309774560169899
32020,static,feedback,True,True,0,1.5,0.004651738330721855,1.192798069678247,0.2118786221370101,0.005554912947991398
32020,moving,cv,True,True,0,1.55,0.0005893601337447762,0.04899220075458288,0.0,
32020,moving,anchor,False,False,0,,0.5214784741401672,0.13853467535227537,0.0,
32020,moving,policy2,False,True,0,,0.030995097011327744,0.9968810947611928,0.0,
32020,moving,policy1,False,True,0,1.85,0.03268202394247055,0.9496692102402449,0.0,
32020,moving,fixed,True,True,0,1.85,0.00698455423116684,1.1911296984180808,0.07820301093161106,0.0006478115581558086
32020,moving,feedback,True,True,0,2.0,0.01935422047972679,1.3988533988595009,0.21483533270657063,0.014035556541057304
32020,friction,cv,True,True,0,1.4500000000000002,0.0005922087002545595,0.06504238117486238,0.0,
32020,friction,anchor,True,True,0,2.15,0.003879224881529808,0.18505968619138002,0.0,
32020,friction,policy2,True,True,0,1.7000000000000002,0.004970898386090994,1.062770839780569,0.0,
32020,friction,policy1,True,True,0,1.6,0.007585842162370682,0.9905669488944113,0.0,
32020,friction,fixed,True,True,0,1.4500000000000002,0.005132573191076517,1.222739089280367,0.055033541098237035,0.0009168612559733447
32020,friction,feedback,True,True,0,1.5,0.000474634172860533,1.2389197712764144,0.206320446357131,0.005243498500203714
32021,static,cv,True,True,0,1.4500000000000002,0.000592019350733608,0.05206631030887365,0.0,
32021,static,anchor,True,True,0,2.0500000000000003,0.004024013411253691,0.14561086427420378,0.0,
32021,static,policy2,True,True,0,1.9500000000000002,0.00602636719122529,0.9835797594860196,0.0,
32021,static,policy1,True,True,0,2.2,0.0008053377969190478,0.9483795263804495,0.0,
32021,static,fixed,True,True,0,1.5,0.0016283058794215322,1.2265473371371627,0.04989462159574032,0.0004170703614363447
32021,static,feedback,True,True,0,1.55,0.002581822918727994,1.206869911402464,0.20438455510884523,0.007908383729227354
32021,moving,cv,True,True,0,1.5,0.0005939363036304712,0.049019185826182365,0.0,
32021,moving,anchor,False,False,0,,0.507422149181366,0.1385535579174757,0.0,
32021,moving,policy2,False,False,0,,0.1709377020597458,0.9828842710703611,0.0,
32021,moving,policy1,False,False,0,,0.16512726247310638,0.9566448046825826,0.0,
32021,moving,fixed,True,True,0,1.25,0.017331773415207863,1.212012767791748,0.21893731728196145,0.0021838150219991802
32021,moving,feedback,True,True,0,1.6,0.020515047013759613,1.1926688719540834,0.22236194647848606,0.005992203287314623
32021,friction,cv,True,True,0,1.4500000000000002,0.0005913920467719436,0.057475618086755276,0.0,
32021,friction,anchor,True,True,0,1.75,0.001863080426119268,0.16990925651043653,0.0,
32021,friction,policy2,True,True,0,1.85,0.022183585911989212,1.031511602923274,0.0,
32021,friction,policy1,True,True,0,1.7000000000000002,0.018472811207175255,0.9588468237780035,0.0,
32021,friction,fixed,True,True,0,1.5,0.001253029564395547,1.2250912608578801,0.05710546299815178,0.0006095678842029884
32021,friction,feedback,True,True,0,1.6,0.005827818065881729,1.226732856594026,0.21951652877032757,0.013306843358441256
32022,static,cv,True,True,0,1.4500000000000002,0.0005918503738939762,0.05281346384435892,0.0,
32022,static,anchor,True,True,0,1.75,0.0036169530358165503,0.1412172568961978,0.0,
32022,static,policy2,True,True,0,1.7000000000000002,0.010885830968618393,1.0010831290856004,0.0,
32022,static,policy1,True,True,0,1.8,0.002885997062548995,0.9555975557304919,0.0,
32022,static,fixed,True,True,0,1.4500000000000002,0.0027420639526098967,1.177982334047556,0.03935410734266043,0.0003254246663345839
32022,static,feedback,True,True,0,1.4000000000000001,0.0029874402098357677,1.1933841742575169,0.05750263724476099,0.00273172127926955
32022,moving,cv,True,True,0,1.75,0.0005916861118748784,0.05516433157026768,0.0,
32022,moving,anchor,True,True,0,2.0500000000000003,0.011617152951657772,0.13517930638045073,0.0,
32022,moving,policy2,True,True,0,2.8000000000000003,0.01757807843387127,0.9985468117520213,0.0,
32022,moving,policy1,True,True,0,2.35,0.013468547724187374,0.9555812575854361,0.0,
32022,moving,fixed,True,True,0,1.7000000000000002,0.0056587387807667255,1.2138132937252522,0.05532556530088186,0.0005523141768208007
32022,moving,feedback,True,True,0,1.8,0.005944009870290756,1.2017924571409822,0.21059449352324008,0.006787980075750965
32022,friction,cv,True,True,0,1.5,0.0005916301161050797,0.04926600959151983,0.0,
32022,friction,anchor,True,True,0,2.0,0.005544437561184168,0.13303998857736588,0.0,
32022,friction,policy2,True,True,0,1.75,0.004948542453348637,1.022653141990304,0.0,
32022,friction,policy1,False,True,0,1.6500000000000001,0.02576105296611786,0.9526851936243474,0.0,
32022,friction,fixed,True,True,0,1.5,0.002150194952264428,1.1773863574489951,0.038555609062314034,0.0004988944924662064
32022,friction,feedback,True,True,0,1.55,0.010948066599667072,1.1924256570637226,0.2148095615208149,0.007171679828024935
32023,static,cv,True,True,0,1.5,0.0005919410032220185,0.05598252173513174,0.0,
32023,static,anchor,True,True,0,1.8,0.005787767469882965,0.14447614084929228,0.0,
32023,static,policy2,True,True,0,1.7000000000000002,0.007947134785354137,1.0059801628813148,0.0,
32023,static,policy1,True,True,0,1.55,0.008725717663764954,0.9499206556938589,0.0,
32023,static,fixed,True,True,0,1.75,0.00458260765299201,1.2040143366903067,0.05664598289877176,0.0005550894564294139
32023,static,feedback,True,True,0,1.5,0.00441379752010107,1.2116199359297752,0.2146406102925539,0.007332211706670933
32023,moving,cv,True,True,0,1.85,0.0005927954916842282,0.051884446293115616,0.0,
32023,moving,anchor,False,False,0,,0.31932464241981506,0.1367921708151698,0.0,
32023,moving,policy2,False,False,0,,0.3629772663116455,1.0110976872965693,0.0,
32023,moving,policy1,False,False,0,,0.5132670402526855,0.9405268938280642,0.0,
32023,moving,fixed,True,True,0,1.6500000000000001,0.014062142930924892,1.1772876605391502,0.13303232192993164,0.0017394905764376745
32023,moving,feedback,False,True,0,2.45,0.026764821261167526,1.180832996033132,0.21863517574965954,0.013299043831648306
32023,friction,cv,True,True,0,1.55,0.0005916665541008115,0.05275008734315634,0.0,
32023,friction,anchor,True,True,0,1.9500000000000002,0.0029536676593124866,0.1549281645566225,0.0,
32023,friction,policy2,True,True,0,1.85,0.018868906423449516,1.0103275999426842,0.0,
32023,friction,policy1,True,True,0,1.8,0.007770300377160311,0.9685269789770246,0.0,
32023,friction,fixed,True,True,0,1.55,0.003679075511172414,1.1977390386164188,0.04914218969643116,0.0006383047893905314
32023,friction,feedback,True,True,0,1.8,0.0036906241439282894,1.1946892365813255,0.13870194647461176,0.00436132998438552
32024,static,cv,True,True,0,1.5,0.0005919145187363029,0.05028333980590105,0.0,
32024,static,anchor,True,True,0,1.9500000000000002,0.004090717528015375,0.13421187177300453,0.0,
32024,static,policy2,True,True,0,1.8,0.0035130931064486504,1.0169818298891187,0.0,
32024,static,policy1,True,True,0,1.9000000000000001,0.0014082733541727066,0.9473950252868235,0.0,
32024,static,fixed,True,True,0,1.55,0.0041208453476428986,1.1753844795748591,0.05374447889626026,0.00043417811484687264
32024,static,feedback,True,True,0,1.6,0.0022603587713092566,1.2044275645166636,0.1356938060373068,0.0034109277687093707
32024,moving,cv,True,True,0,1.4500000000000002,0.0005936105735599995,0.04752830136567354,0.0,
32024,moving,anchor,False,True,0,1.4500000000000002,0.051754746586084366,0.13727534096688032,0.0,
32024,moving,policy2,True,True,0,1.75,0.023470541462302208,0.9927096776664257,0.0,
32024,moving,policy1,True,True,0,3.7,0.022333191707730293,0.9505532332696021,0.0,
32024,moving,fixed,True,True,0,1.3,0.01159047894179821,1.1708328034728765,0.12214050106704236,0.001247679445077665
32024,moving,feedback,True,True,0,1.4000000000000001,0.014052324928343296,1.1724484618753195,0.21387323401868344,0.005379181425087154
32024,friction,cv,True,True,0,1.4500000000000002,0.0005917561938986182,0.05112083163112402,0.0,
32024,friction,anchor,False,True,0,1.6,0.025042463093996048,0.1460111467167735,0.0,
32024,friction,policy2,True,True,0,1.75,0.012099836952984333,1.0200869292020798,0.0,
32024,friction,policy1,False,True,0,1.6,0.028099114075303078,0.9589319350197911,0.0,
32024,friction,fixed,True,True,0,1.5,0.004073407035320997,1.1876755394041538,0.060942935012280944,0.0006640630064794096
32024,friction,feedback,True,True,0,1.55,0.003204483538866043,1.2439121725037694,0.2123864721506834,0.0046485708924592474
32025,static,cv,True,True,0,1.5,0.0005912643973715603,0.050732423551380634,0.0,
32025,static,anchor,True,True,0,1.7000000000000002,0.006050207652151585,0.13531832955777645,0.0,
32025,static,policy2,True,True,0,2.2,0.009438787586987019,0.9946594946086407,0.0,
32025,static,policy1,True,True,0,2.3000000000000003,0.004345102235674858,0.9629892301745713,0.0,
32025,static,fixed,True,True,0,1.4500000000000002,0.007721755653619766,1.1800126871094108,0.05347848888486624,0.00046521705080522225
32025,static,feedback,True,True,0,1.5,0.008137869648635387,1.1787133989855647,0.1646239148452878,0.0043819035461638125
32025,moving,cv,True,True,0,1.75,0.0005879417294636369,0.04880733322352171,0.0,
32025,moving,anchor,False,False,0,,1.0923755168914795,0.14118151739239693,0.0,
32025,moving,policy2,False,False,0,,0.2722822427749634,0.9767629206180573,0.0,
32025,moving,policy1,False,False,0,,0.4582376182079315,0.9485276881605387,0.0,
32025,moving,fixed,True,True,0,2.0,0.009612583555281162,1.1924179969355464,0.09543088302016259,0.0010565397511527407
32025,moving,feedback,True,True,0,2.0500000000000003,0.009188191033899784,1.2826722813770175,0.21519738733768462,0.01138064439583104
32025,friction,cv,True,True,0,1.5,0.000592439086176455,0.05138518754392862,0.0,
32025,friction,anchor,True,True,0,1.9000000000000001,0.004759402479976416,0.1328268088400364,0.0,
32025,friction,policy2,True,True,0,2.15,0.0027725452091544867,0.9976113680750132,0.0,
32025,friction,policy1,True,True,0,2.8000000000000003,0.004956405609846115,0.9666447062045336,0.0,
32025,friction,fixed,True,True,0,1.5,0.009212356060743332,1.1962050339207053,0.059220895171165466,0.0007272090944752563
32025,friction,feedback,True,True,0,1.6,0.013303407467901707,1.1840004939585924,0.21664906851947308,0.00614055531041231
32026,static,cv,True,True,0,1.5,0.0005919673130847514,0.048110377974808216,0.0,
32026,static,anchor,True,True,0,1.6500000000000001,0.013756380416452885,0.15837308019399643,0.0,
32026,static,policy2,True,True,0,2.0500000000000003,0.011551459319889545,0.9945993777364492,0.0,
32026,static,policy1,True,True,0,1.8,0.012868252582848072,0.9532821597531438,0.0,
32026,static,fixed,True,True,0,1.5,0.002518567955121398,1.1841184459626675,0.04550096932798624,0.00040216986562882087
32026,static,feedback,True,True,0,1.5,0.0037373462691903114,1.2254113098606467,0.20769509859383106,0.006559575695428066
32026,moving,cv,True,True,0,1.75,0.0005911999614909291,0.053127179853618145,0.0,
32026,moving,anchor,False,True,0,3.1,0.0255569014698267,0.13373540714383125,0.0,
32026,moving,policy2,True,True,0,2.4000000000000004,0.013837436214089394,1.0063670575618744,0.0,
32026,moving,policy1,False,True,0,,0.33430013060569763,0.9646402206271887,0.0,
32026,moving,fixed,True,True,0,2.2,0.008337796665728092,1.189391897059977,0.10584990233182907,0.0008381958381505683
32026,moving,feedback,True,True,0,2.15,0.017520902678370476,1.2065519113093615,0.21460581496357917,0.01646073030133266
32026,friction,cv,True,True,0,1.55,0.000591596937738359,0.05257343873381615,0.0,
32026,friction,anchor,True,True,0,1.85,0.014200723730027676,0.13532193843275309,0.0,
32026,friction,policy2,True,True,0,2.1,0.006260982248932123,1.0041884146630764,0.0,
32026,friction,policy1,True,True,0,2.0500000000000003,0.0123819001019001,0.9564374340698123,0.0,
32026,friction,fixed,True,True,0,1.55,0.002772073494270444,1.2264845659956336,0.04789676629006863,0.0006168909185362281
32026,friction,feedback,True,True,0,1.7000000000000002,0.00646156445145607,1.2016192777082324,0.2113354766741395,0.008908063755370677
32027,static,cv,True,True,0,1.4500000000000002,0.000592038210015744,0.051213521510362625,0.0,
32027,static,anchor,True,True,0,1.7000000000000002,0.004671010188758373,0.13306213077157736,0.0,
32027,static,policy2,True,True,0,1.75,0.016998665407299995,1.038163690827787,0.0,
32027,static,policy1,True,True,0,1.8,0.008257009088993073,0.9545500972308218,0.0,
32027,static,fixed,True,True,0,1.5,0.006197507493197918,1.1776782805100083,0.058646191470324995,0.0005782947715488263
32027,static,feedback,True,True,0,1.4000000000000001,0.010688167065382004,1.2038847664371133,0.20757248885929586,0.005536574573488906
32027,moving,cv,True,True,0,1.6,0.0005895774811506271,0.052685802802443504,0.0,
32027,moving,anchor,False,True,0,,0.07183077186346054,0.14284912031143904,0.0,
32027,moving,policy2,False,False,0,,0.39258232712745667,1.0107857175171375,0.0,
32027,moving,policy1,False,True,0,,0.03301651403307915,0.9519275976344943,0.0,
32027,moving,fixed,True,True,0,1.9500000000000002,0.01147957518696785,1.2371054850518703,0.08208026234060525,0.0008529872604412958
32027,moving,feedback,True,True,0,2.1,0.013463519513607025,1.2170014204457402,0.20671569872647524,0.007447576784761623
32027,friction,cv,True,True,0,1.4500000000000002,0.0005920662661083043,0.049048266373574734,0.0,
32027,friction,anchor,True,True,0,1.6500000000000001,0.023190096020698547,0.13902902137488127,0.0,
32027,friction,policy2,False,True,0,,0.03223739564418793,1.027289917692542,0.0,
32027,friction,policy1,True,True,0,1.6500000000000001,0.009331860579550266,0.9594030794687569,0.0,
32027,friction,fixed,True,True,0,1.55,0.002801792463287711,1.199113903567195,0.0519481685012579,0.0006817065603172523
32027,friction,feedback,True,True,0,1.6,0.004520283080637455,1.1905805207788944,0.21517760399729013,0.006110597745282576
32028,static,cv,True,True,0,1.4500000000000002,0.0005921320407651365,0.04874665755778551,0.0,
32028,static,anchor,True,True,0,1.75,0.0026645699981600046,0.14870197046548128,0.0,
32028,static,policy2,True,True,0,1.6500000000000001,0.00518628628924489,1.0091642616316676,0.0,
32028,static,policy1,True,True,0,1.85,0.002900034887716174,0.9606397128663957,0.0,
32028,static,fixed,True,True,0,1.4500000000000002,0.0063558304682374,1.1927659390494227,0.04854390546679497,0.0006609974405364482
32028,static,feedback,True,True,0,1.4500000000000002,0.007408647332340479,1.197883184067905,0.21678247600793837,0.0052235301933251325
32028,moving,cv,True,True,0,1.75,0.0005922226118855178,0.04910419229418039,0.0,
32028,moving,anchor,False,False,0,,0.7404985427856445,0.13285635504871607,0.0,
32028,moving,policy2,False,False,0,,0.4285552501678467,0.9982093004509807,0.0,
32028,moving,policy1,False,True,0,1.6,0.029660150408744812,0.9478629333898425,0.0,
32028,moving,fixed,True,True,0,1.4000000000000001,0.01187683641910553,1.1807836825028062,0.1098257590085268,0.0014630156772909686
32028,moving,feedback,True,True,0,1.6,0.015510523691773415,1.2248182436451316,0.21759863197803497,0.012891203185427002
32028,friction,cv,True,True,0,1.4500000000000002,0.0005914331995882094,0.04781174939125776,0.0,
32028,friction,anchor,True,True,0,1.75,0.004607468377798796,0.13956851325929165,0.0,
32028,friction,policy2,True,True,0,1.85,0.021036900579929352,0.9847683366388083,0.0,
32028,friction,policy1,True,True,0,1.9000000000000001,0.004814060404896736,0.9646490914747119,0.0,
32028,friction,fixed,True,True,0,1.4000000000000001,0.00355356652289629,1.1895480565726757,0.050054175034165385,0.0005478526390106708
32028,friction,feedback,True,True,0,1.4000000000000001,0.009984957985579967,1.1895325500518084,0.21685991827398537,0.008890224029892124
32029,static,cv,True,True,0,1.4500000000000002,0.000591970921959728,0.05053316708654165,0.0,
32029,static,anchor,True,True,0,1.75,0.004498638212680817,0.1513392198830843,0.0,
32029,static,policy2,True,True,0,1.6500000000000001,0.011149358935654163,1.0025147581472993,0.0,
32029,static,policy1,True,True,0,1.6,0.00886122602969408,0.9505932219326496,0.0,
32029,static,fixed,True,True,0,1.4500000000000002,0.0016626224387437105,1.2163203209638596,0.05268605425953865,0.0006281077630774234
32029,static,feedback,True,True,0,1.4500000000000002,0.009617466479539871,1.260805339552462,0.21490810662508011,0.006734818505356089
32029,moving,cv,True,True,0,1.6500000000000001,0.0005893043708056211,0.049274833872914314,0.0,
32029,moving,anchor,True,True,0,2.25,0.022258291020989418,0.14185186009854078,0.0,
32029,moving,policy2,False,True,0,,0.04959007725119591,1.0052828583866358,0.0,
32029,moving,policy1,False,True,0,,0.3761409819126129,0.9766701376065612,0.0,
32029,moving,fixed,True,True,0,1.8,0.006524032913148403,1.1909447144716978,0.06520970687270164,0.0006376876914146124
32029,moving,feedback,True,True,0,2.4000000000000004,0.01244268100708723,1.202982128597796,0.20706423856317996,0.011726445885142312
32029,friction,cv,True,True,0,1.5,0.0005921013653278351,0.04901865031570196,0.0,
32029,friction,anchor,True,True,0,2.7,0.0035763762425631285,0.1525522442534566,0.0,
32029,friction,policy2,True,True,0,1.8,0.012635095976293087,0.9956753114238381,0.0,
32029,friction,policy1,False,True,0,,0.04237345606088638,0.9545455686748028,0.0,
32029,friction,fixed,True,True,0,1.4500000000000002,0.003674215404316783,1.2022676412016153,0.0554317994043231,0.0006805524162700749
32029,friction,feedback,True,True,0,1.6,0.006834728643298149,1.2086144415661693,0.20661115199327468,0.00757578342454508
32030,static,cv,True,True,0,1.5,0.0005919644027017057,0.05024659913033247,0.0,
32030,static,anchor,True,True,0,2.0500000000000003,0.00627600122243166,0.13772621750831604,0.0,
32030,static,policy2,True,True,0,1.9000000000000001,0.0029864369425922632,0.998003245331347,0.0,
32030,static,policy1,True,True,0,2.1,0.009221872314810753,0.9584727114997804,0.0,
32030,static,fixed,True,True,0,1.55,0.0024327761493623257,1.1919549433514476,0.04306360427290201,0.00037199861435510684
32030,static,feedback,True,True,0,1.5,0.004264227580279112,1.1982833268120885,0.20838375575840473,0.005375753673433792
32030,moving,cv,True,True,0,1.9000000000000001,0.0005880135577172041,0.05656895227730274,0.0,
32030,moving,anchor,False,False,0,,0.8709617257118225,0.13610559981316328,0.0,
32030,moving,policy2,False,False,0,,0.29653313755989075,0.995946885086596,0.0,
32030,moving,policy1,False,False,0,,0.2965353727340698,0.9481058456003666,0.0,
32030,moving,fixed,True,True,0,2.15,0.010364527814090252,1.235403772443533,0.1205032816156745,0.001354781685222406
32030,moving,feedback,True,True,0,2.3000000000000003,0.020053645595908165,1.194756617769599,0.21394541300833225,0.0074001550325192515
32030,friction,cv,True,True,0,1.55,0.0005918681854382157,0.049987668171525,0.0,
32030,friction,anchor,True,True,0,2.45,0.0053782993927598,0.1339188776910305,0.0,
32030,friction,policy2,True,True,0,2.15,0.003720829961821437,1.0221949312835932,0.0,
32030,friction,policy1,True,True,0,2.0,0.00866036769002676,0.9453860111534595,0.0,
32030,friction,fixed,True,True,0,1.6,0.00699829263612628,1.1921531753614545,0.05759812332689762,0.0007563326864328701
32030,friction,feedback,True,True,0,1.8,0.014438947662711143,1.1972650419920683,0.21336299702525138,0.008739433408482
32031,static,cv,True,True,0,1.4500000000000002,0.0005919471150264144,0.055124866776168346,0.0,
32031,static,anchor,True,True,0,1.6,0.0018803594866767526,0.17089885659515858,0.0,
32031,static,policy2,True,True,0,1.75,0.0027528598438948393,0.9893514448776841,0.0,
32031,static,policy1,True,True,0,1.6500000000000001,0.0025917678140103817,0.9548948961310089,0.0,
32031,static,fixed,True,True,0,1.5,0.004084071610122919,1.208515535108745,0.04717996958643198,0.0004039249570269021
32031,static,feedback,True,True,0,1.5,0.00550687313079834,1.2166860280558467,0.21365901008248328,0.0060440236382419245
32031,moving,cv,True,True,0,1.6,0.0005891919136047363,0.049306731671094894,0.0,
32031,moving,anchor,False,True,1,,0.4838469326496124,0.13639230746775866,0.0,
32031,moving,policy2,False,False,0,,0.6535009741783142,1.011600997298956,0.0,
32031,moving,policy1,False,True,0,,0.03434627503156662,0.9506380534730852,0.0,
32031,moving,fixed,True,True,0,1.8,0.010788592509925365,1.1795510770753026,0.10975561887025834,0.0012741205740894657
32031,moving,feedback,True,True,0,1.9000000000000001,0.020291276276111603,1.2061084620654583,0.21518353670835494,0.007551929549663328
32031,friction,cv,True,True,0,1.4500000000000002,0.000592067081015557,0.04901820793747902,0.0,
32031,friction,anchor,True,True,0,1.7000000000000002,0.004446904640644789,0.1377517357468605,0.0,
32031,friction,policy2,True,True,0,1.7000000000000002,0.004418767057359219,1.0109222494065762,0.0,
32031,friction,policy1,True,True,0,1.85,0.0017716966103762388,0.9615186601877213,0.0,
32031,friction,fixed,True,True,0,1.5,0.0030487049371004105,1.192726381123066,0.04962268080562353,0.0007413974505652732
32031,friction,feedback,True,True,0,1.55,0.013338414952158928,1.184299006126821,0.21657215878367425,0.007595003279857337
32032,static,cv,True,True,0,1.4500000000000002,0.0005923478165641427,0.047764857299625874,0.0,
32032,static,anchor,True,True,0,2.0,0.003114227205514908,0.1495277974754572,0.0,
32032,static,policy2,True,True,0,1.9500000000000002,0.00436765793710947,1.0037258034572005,0.0,
32032,static,policy1,True,True,0,1.75,0.0031907353550195694,0.9562987717799842,0.0,
32032,static,fixed,True,True,0,1.5,0.002492881380021572,1.18373513687402,0.04893716629594565,0.0004195355861156713
32032,static,feedback,True,True,0,1.55,0.002026953501626849,1.2459157733246684,0.1770702565088868,0.005225291337774251
32032,moving,cv,True,True,0,1.7000000000000002,0.0005887112929485738,0.04708762280642986,0.0,
32032,moving,anchor,False,True,0,,0.05577225238084793,0.14281158801168203,0.0,
32032,moving,policy2,False,True,0,,0.03563091158866882,1.0111605981364846,0.0,
32032,moving,policy1,False,True,4,,0.2969440519809723,0.9838436730206013,0.0,
32032,moving,fixed,True,True,0,2.0500000000000003,0.01049779262393713,1.1865566484630108,0.08853450771421194,0.0007825573629816063
32032,moving,feedback,True,True,0,2.6500000000000004,0.022084107622504234,1.2112466851249337,0.2080100428313017,0.007109144909190945
32032,friction,cv,True,True,0,1.5,0.0005921704578213394,0.049375579692423344,0.0,
32032,friction,anchor,True,True,0,2.2,0.00840908382087946,0.15986617654561996,0.0,
32032,friction,policy2,True,True,0,2.3000000000000003,0.002625347813591361,1.021473528817296,0.0,
32032,friction,policy1,True,True,0,1.8,0.003664253745228052,0.9660425130277872,0.0,
32032,friction,fixed,True,True,0,1.85,0.005791425704956055,1.2024890864267945,0.055998875945806506,0.0007940505660371855
32032,friction,feedback,True,True,0,1.6,0.003273027017712593,1.2060176813974977,0.15595381241291761,0.003899196314159781
32033,static,cv,True,True,0,1.4500000000000002,0.0005919088725931942,0.050090416334569454,0.0,
32033,static,anchor,True,True,0,1.6,0.005808770656585693,0.13843532651662827,0.0,
32033,static,policy2,True,True,0,1.6500000000000001,0.0021216468885540962,1.0166480904445052,0.0,
32033,static,policy1,True,True,0,1.75,0.013631573878228664,0.9724738076329231,0.0,
32033,static,fixed,True,True,0,1.6,0.0038788027595728636,1.1924631195142865,0.05947788842022419,0.000675343030525255
32033,static,feedback,True,True,0,1.4500000000000002,0.004440503194928169,1.2233160436153412,0.1846589468419552,0.00391877984511666
32033,moving,cv,True,True,0,1.9000000000000001,0.0005915056681260467,0.05551085341721773,0.0,
32033,moving,anchor,False,False,0,,0.7933826446533203,0.1324823359027505,0.0,
32033,moving,policy2,False,False,0,,0.5430228114128113,0.9853351395577192,0.0,
32033,moving,policy1,False,True,0,,0.03271740302443504,0.9566098800860345,0.0,
32033,moving,fixed,True,True,0,1.6500000000000001,0.009915156289935112,1.2565672397613525,0.06470581367611886,0.0008357396869541845
32033,moving,feedback,True,True,0,1.7000000000000002,0.022710243239998817,1.1885224375873804,0.21452831663191319,0.008121490961639211
32033,friction,cv,True,True,0,1.55,0.0005912842461839318,0.051038479432463646,0.0,
32033,friction,anchor,True,True,0,1.75,0.004928308539092541,0.13881467748433352,0.0,
32033,friction,policy2,True,True,0,1.9000000000000001,0.00631927652284503,1.0235989931970835,0.0,
32033,friction,policy1,True,True,0,1.9000000000000001,0.009117425419390202,0.9611681452952325,0.0,
32033,friction,fixed,True,True,0,1.5,0.006333761382848024,1.1901798890903592,0.0526760796085,0.0007907088937827211
32033,friction,feedback,True,True,0,1.6,0.004009648226201534,1.2261997442692518,0.2137227587401867,0.007923397759441286
32034,static,cv,True,True,0,1.5,0.0005918985698372126,0.054224906489253044,0.0,
32034,static,anchor,True,True,0,1.7000000000000002,0.00828644447028637,0.13688590843230486,0.0,
32034,static,policy2,True,True,0,1.9500000000000002,0.0019786646589636803,1.001188438385725,0.0,
32034,static,policy1,True,True,0,1.7000000000000002,0.014962113462388515,0.9591959649696946,0.0,
32034,static,fixed,True,True,0,1.5,0.00479814363643527,1.2217656709253788,0.047730032727122305,0.0005374366874093539
32034,static,feedback,True,True,0,1.85,0.0037595327012240887,1.224199589341879,0.15293226037174462,0.004192328799399547
32034,moving,cv,True,True,0,1.4500000000000002,0.0005914518260397017,0.048315501771867275,0.0,
32034,moving,anchor,True,True,0,1.6500000000000001,0.010950295254588127,0.13076909817755222,0.0,
32034,moving,policy2,True,True,0,1.9500000000000002,0.01835000142455101,1.020185393281281,0.0,
32034,moving,policy1,True,True,0,1.6,0.015254621393978596,0.9632952860556543,0.0,
32034,moving,fixed,True,True,0,1.4500000000000002,0.0047225384041666985,1.2130212504416704,0.05174375604838133,0.0006052510769222863
32034,moving,feedback,True,True,0,1.4500000000000002,0.005384559277445078,1.252098218537867,0.0986363485455513,0.0026752634745207614
32034,friction,cv,True,True,0,1.4500000000000002,0.0005919334362260997,0.05288512911647558,0.0,
32034,friction,anchor,True,True,0,1.6500000000000001,0.010725104250013828,0.13841623440384865,0.0,
32034,friction,policy2,True,True,0,1.7000000000000002,0.012695172801613808,1.0024638148024678,0.0,
32034,friction,policy1,True,True,0,1.5,0.024212690070271492,0.9735121857374907,0.0,
32034,friction,fixed,True,True,0,1.5,0.004742578137665987,1.2469073059037328,0.03864952214062214,0.0007006971841292398
32034,friction,feedback,True,True,0,1.5,0.006368780042976141,1.2368747033178806,0.19148416500538587,0.004975567490328103
32035,static,cv,True,True,0,1.4500000000000002,0.0005917631788179278,0.05362476222217083,0.0,
32035,static,anchor,True,True,0,1.6,0.0033826534636318684,0.15147589147090912,0.0,
32035,static,policy2,True,True,0,1.75,0.006554299965500832,1.0143689345568419,0.0,
32035,static,policy1,True,True,0,1.6500000000000001,0.003333545755594969,0.9615394985303283,0.0,
32035,static,fixed,True,True,0,1.4500000000000002,0.005811029579490423,1.1806172551587224,0.045884196273982526,0.0005440438126242952
32035,static,feedback,True,True,0,1.4000000000000001,0.006009511183947325,1.2383563676849008,0.212103814445436,0.006582152420014609
32035,moving,cv,True,True,0,1.55,0.000588582013733685,0.0493157422170043,0.0,
32035,moving,anchor,False,False,0,,0.6863746047019958,0.1329645048826933,0.0,
32035,moving,policy2,False,True,0,,0.04019862785935402,0.9935199748724699,0.0,
32035,moving,policy1,False,True,0,,0.03870224952697754,0.9724992327392101,0.0,
32035,moving,fixed,True,True,0,1.8,0.009772091172635555,1.1868224246427417,0.07409979663789272,0.0005357624130738259
32035,moving,feedback,True,True,0,2.15,0.010262513533234596,1.1957152280956507,0.21066881939768792,0.008029752146103419
32035,friction,cv,True,True,0,1.4500000000000002,0.0005921003175899386,0.04872116260230541,0.0,
32035,friction,anchor,True,True,0,1.7000000000000002,0.005585215054452419,0.15890796203166246,0.0,
32035,friction,policy2,True,True,0,1.75,0.006159210577607155,0.9980026865378022,0.0,
32035,friction,policy1,True,True,0,1.7000000000000002,0.004876384977251291,0.9577816585078835,0.0,
32035,friction,fixed,True,True,0,1.35,0.003484459826722741,1.195076503790915,0.042697503603994845,0.0006318339614608704
32035,friction,feedback,True,True,0,1.4000000000000001,0.0017367093823850155,1.219845563173294,0.21103141140192747,0.008263494429411367
32036,static,cv,True,True,0,1.4500000000000002,0.0005917749949730933,0.04815105348825455,0.0,
32036,static,anchor,True,True,0,1.8,0.0031443049665540457,0.13384122867137194,0.0,
32036,static,policy2,True,True,0,1.75,0.004185471683740616,1.014765934087336,0.0,
32036,static,policy1,True,True,0,1.75,0.007439145352691412,0.9768221061676741,0.0,
32036,static,fixed,True,True,0,1.4500000000000002,0.00263603450730443,1.2009191559627652,0.051715300604701045,0.000519017953047296
32036,static,feedback,True,True,0,1.5,0.00656069116666913,1.1978097492828965,0.21719605699181557,0.00839680380304344
32036,moving,cv,True,True,0,1.7000000000000002,0.000589381845202297,0.04899573978036642,0.0,
32036,moving,anchor,False,True,1,,0.6241878867149353,0.14397925697267056,0.0,
32036,moving,policy2,False,True,0,,0.06423398852348328,1.0183359030634165,0.0,
32036,moving,policy1,False,False,0,,0.6816163659095764,0.9480393957346678,0.0,
32036,moving,fixed,True,True,0,1.85,0.011914761736989021,1.216927357017994,0.0931327324360609,0.0013097018818370998
32036,moving,feedback,True,True,0,1.85,0.011502543464303017,1.2317126151174307,0.2211849596351385,0.006161224440438673
32036,friction,cv,True,True,0,1.5,0.0005922727286815643,0.04809894599020481,0.0,
32036,friction,anchor,True,True,0,2.6500000000000004,0.00312655046582222,0.13713070657104254,0.0,
32036,friction,policy2,True,True,0,1.9000000000000001,0.006587623618543148,1.0096234735101461,0.0,
32036,friction,policy1,True,True,0,1.7000000000000002,0.013115089386701584,0.9562918450683355,0.0,
32036,friction,fixed,True,True,0,1.55,0.003718879073858261,1.2096939142793417,0.057193944975733754,0.0008956429610407213
32036,friction,feedback,True,True,0,1.55,0.0019949686247855425,1.1961785610765219,0.21899310797452926,0.005862336815334856
32037,static,cv,True,True,0,1.4500000000000002,0.0005919646355323493,0.0531619181856513,0.0,
32037,static,anchor,True,True,0,1.9000000000000001,0.0013256068341434002,0.13765455223619938,0.0,
32037,static,policy2,True,True,0,1.9000000000000001,0.0026721551548689604,1.010856102220714,0.0,
32037,static,policy1,True,True,0,1.8,0.005358769558370113,0.9546961868181825,0.0,
32037,static,fixed,True,True,0,1.5,0.00813628826290369,1.21278737206012,0.040121170319616796,0.0004222548701363849
32037,static,feedback,True,True,0,1.5,0.005050530191510916,1.21055468916893,0.05783338397741318,0.0022685298637952654
32037,moving,cv,True,True,0,1.4500000000000002,0.0005933967186138034,0.0490488950163126,0.0,
32037,moving,anchor,True,True,0,1.6,0.02372913248836994,0.13173632323741913,0.0,
32037,moving,policy2,True,True,0,2.0500000000000003,0.019101295620203018,1.0455983225256205,0.0,
32037,moving,policy1,True,True,0,1.7000000000000002,0.023690076544880867,0.9531844989396632,0.0,
32037,moving,fixed,True,True,0,1.35,0.015263392589986324,1.1966621037572622,0.1240770485252142,0.0012608113669557498
32037,moving,feedback,False,True,0,1.4000000000000001,0.025135371834039688,1.2108356459066272,0.22178688496351243,0.006319969320611562
32037,friction,cv,True,True,0,1.4500000000000002,0.0005918992683291435,0.053382921032607555,0.0,
32037,friction,anchor,True,True,0,1.6500000000000001,0.005066459998488426,0.14178880956023932,0.0,
32037,friction,policy2,True,True,0,1.85,0.008032705634832382,1.0099725564941764,0.0,
32037,friction,policy1,True,True,0,1.75,0.003276108531281352,0.967394164763391,0.0,
32037,friction,fixed,True,True,0,1.5,0.002220406662672758,1.2343168258666992,0.04987330064177513,0.000533844965048047
32037,friction,feedback,True,True,0,1.5,0.015502038411796093,1.2086344882845879,0.21716390177607536,0.012209861577139236
32038,static,cv,True,True,0,1.4500000000000002,0.0005918461829423904,0.051434291526675224,0.0,
32038,static,anchor,True,True,0,1.75,0.003296158742159605,0.13766635674983263,0.0,
32038,static,policy2,True,True,0,1.9000000000000001,0.0026660889852792025,1.0335963917896152,0.0,
32038,static,policy1,True,True,0,1.6500000000000001,0.008180543780326843,0.9620354627259076,0.0,
32038,static,fixed,True,True,0,1.5,0.00412496505305171,1.2435744749382138,0.05800028461962938,0.0005389772006310523
32038,static,feedback,True,True,0,1.4000000000000001,0.0029499169904738665,1.2445857282727957,0.212164169177413,0.005823575778049417
32038,moving,cv,True,True,0,1.4500000000000002,0.0005943018477410078,0.04888598341494799,0.0,
32038,moving,anchor,False,False,0,,0.1476723998785019,0.1362878130748868,0.0,
32038,moving,policy2,False,False,0,,0.1476723998785019,0.9838751517236233,0.0,
32038,moving,policy1,False,False,0,,0.1476723998785019,0.9465969284065068,0.0,
32038,moving,fixed,True,True,0,1.35,0.010810239240527153,1.2143599800765514,0.20971157848834993,0.0015894398762611671
32038,moving,feedback,True,True,0,1.25,0.01431370060890913,1.2013700790703297,0.18374901227653026,0.0033206413907464595
32038,friction,cv,True,True,0,1.4500000000000002,0.0005918515380471945,0.04956966731697321,0.0,
32038,friction,anchor,True,True,0,1.6,0.011876854114234447,0.1430734759196639,0.0,
32038,friction,policy2,True,True,0,1.75,0.00981034804135561,1.025195512920618,0.0,
32038,friction,policy1,True,True,0,2.1,0.011422192677855492,0.9541064267978072,0.0,
32038,friction,fixed,True,True,0,1.35,0.0039014604408293962,1.1925280094146729,0.0500313451513648,0.0005942402314758511
32038,friction,feedback,True,True,0,1.4500000000000002,0.002637643599882722,1.2114564422518015,0.22000145688652992,0.009290784613403958
32039,static,cv,True,True,0,1.5,0.0005921220872551203,0.0507088378071785,0.0,
32039,static,anchor,True,True,0,1.9500000000000002,0.008302301168441772,0.14309878461062908,0.0,
32039,static,policy2,True,True,0,1.8,0.009666468016803265,1.0704149026423693,0.0,
32039,static,policy1,True,True,0,1.7000000000000002,0.0051682256162166595,1.0224441881291568,0.0,
32039,static,fixed,True,True,0,1.75,0.006693457718938589,1.2743062572553754,0.05032266015186906,0.0006636818165134173
32039,static,feedback,True,True,0,1.6,0.011418893001973629,1.2657219776883721,0.2131960168480873,0.009607143586617895
32039,moving,cv,True,True,0,1.5,0.0005934443324804306,0.05469478201121092,0.0,
32039,moving,anchor,False,True,0,1.4500000000000002,0.04661114886403084,0.16963351517915726,0.0,
32039,moving,policy2,False,True,0,,0.07715291529893875,1.141327596269548,0.0,
32039,moving,policy1,False,False,0,,0.6452866196632385,1.097551896236837,0.0,
32039,moving,fixed,True,True,0,1.4000000000000001,0.012327441945672035,1.399928517639637,0.14079492948949338,0.0015028104302473367
32039,moving,feedback,True,True,0,1.4500000000000002,0.00882834754884243,1.4072720427066088,0.21919015869498254,0.009117415219952818
32039,friction,cv,True,True,0,1.5,0.0005916024674661458,0.054288748651742935,0.0,
32039,friction,anchor,True,True,0,2.1,0.00929876696318388,0.1651108032092452,0.0,
32039,friction,policy2,True,True,0,1.9500000000000002,0.005358716007322073,1.2420551152899861,0.0,
32039,friction,policy1,True,True,0,1.9500000000000002,0.019538138061761856,1.1043199803680182,0.0,
32039,friction,fixed,True,True,0,1.5,0.002251826459541917,1.4214236056432128,0.053739544749259946,0.0006679888558210223
32039,friction,feedback,True,True,0,1.6,0.010611822828650475,1.4874800574034452,0.21133112926036118,0.00806151882861741
32040,static,cv,True,True,0,1.4500000000000002,0.000591946707572788,0.05812477320432663,0.0,
32040,static,anchor,True,True,0,1.6,0.004074906464666128,0.16336918342858553,0.0,
32040,static,policy2,True,True,0,1.6500000000000001,0.0027563648764044046,1.1573098367080092,0.0,
32040,static,policy1,True,True,0,1.9500000000000002,0.006509122438728809,1.1563934502191842,0.0,
32040,static,fixed,True,True,0,1.6,0.005076868925243616,1.412061508744955,0.05129478331655264,0.0005920166637224611
32040,static,feedback,True,True,0,1.6500000000000001,0.007005796767771244,1.3838972663506866,0.2117202628403902,0.006515358792967163
32040,moving,cv,True,True,0,1.55,0.0005936212837696075,0.05826023407280445,0.0,
32040,moving,anchor,False,True,0,,0.048003681004047394,0.1627884805202484,0.0,
32040,moving,policy2,False,True,0,,0.07278899848461151,1.183895766735077,0.0,
32040,moving,policy1,False,True,0,,0.052306726574897766,1.1396169080398977,0.0,
32040,moving,fixed,True,True,0,1.4000000000000001,0.005642631556838751,1.3954473659396172,0.22005907706916333,0.002484361978713423
32040,moving,feedback,True,True,0,1.35,0.010372588410973549,1.382023235782981,0.1667459137737751,0.002419067794107832
32040,friction,cv,True,True,0,1.55,0.000591555901337415,0.05552100483328104,0.0,
32040,friction,anchor,True,True,0,1.55,0.011810910888016224,0.19043751526623964,0.0,
32040,friction,policy2,True,True,0,1.75,0.006235065869987011,1.180203421972692,0.0,
32040,friction,policy1,True,True,0,1.75,0.010953745804727077,1.1211622040718794,0.0,
32040,friction,fixed,True,True,0,1.55,0.0038139086682349443,1.4161759056150913,0.059773909486830236,0.0007537964101175021
32040,friction,feedback,True,True,0,1.4000000000000001,0.0032464812975376844,1.2931746430695057,0.21902865841984748,0.008751502929953858
32041,static,cv,True,True,0,1.4500000000000002,0.0005917220842093229,0.0519763445481658,0.0,
32041,static,anchor,True,True,0,1.85,0.0028702416457235813,0.15196145977824926,0.0,
32041,static,policy2,True,True,0,1.7000000000000002,0.00810910388827324,1.0499262483790517,0.0,
32041,static,policy1,True,True,0,1.75,0.0037284193094819784,0.9578647674061358,0.0,
32041,static,fixed,True,True,0,1.4000000000000001,0.0038468106649816036,1.1926611885428429,0.04115716367959976,0.00048652823443262605
32041,static,feedback,True,True,0,1.5,0.004537948407232761,1.24140998814255,0.06092423480004072,0.002451249593286775
32041,moving,cv,True,True,0,1.6,0.00059191242326051,0.05025546997785568,0.0,
32041,moving,anchor,True,True,0,1.8,0.007215661462396383,0.13851861003786325,0.0,
32041,moving,policy2,True,True,0,1.8,0.00892597995698452,0.9943024022504687,0.0,
32041,moving,policy1,True,True,0,2.0,0.017444264143705368,0.9724553790874779,0.0,
32041,moving,fixed,True,True,0,1.5,0.009114616550505161,1.2044384144246578,0.054567889869213106,0.0005649405382428085
32041,moving,feedback,True,True,0,1.55,0.012604346498847008,1.240073679946363,0.21702787056565284,0.012362567419768312
32041,friction,cv,True,True,0,1.4500000000000002,0.0005915554938837886,0.04926768597215414,0.0,
32041,friction,anchor,True,True,0,1.7000000000000002,0.005302052013576031,0.15383041463792324,0.0,
32041,friction,policy2,True,True,0,1.6500000000000001,0.00743309548124671,1.0033468017354608,0.0,
32041,friction,policy1,True,True,0,1.8,0.007335926406085491,0.9624106460250914,0.0,
32041,friction,fixed,True,True,0,1.85,0.009156008251011372,1.1970135848969221,0.07529556676745415,0.0010662497006705962
32041,friction,feedback,True,True,0,1.6500000000000001,0.0033442967105656862,1.2271175626665354,0.16159870959818362,0.005091717100003734
32042,static,cv,True,True,0,1.5,0.000591976975556463,0.04982040263712406,0.0,
32042,static,anchor,True,True,0,1.9000000000000001,0.007562245242297649,0.13809457886964083,0.0,
32042,static,policy2,True,True,0,1.85,0.0057198284193873405,1.0140591766685247,0.0,
32042,static,policy1,True,True,0,1.85,0.009799213148653507,0.9769896860234439,0.0,
32042,static,fixed,True,True,0,1.55,0.005800242070108652,1.1928201420232654,0.038251178525388244,0.0003738381146831671
32042,static,feedback,True,True,0,1.6500000000000001,0.010002737864851952,1.2034568237140775,0.10695519186556339,0.0032202639151364563
32042,moving,cv,True,True,0,1.9000000000000001,0.00059092155424878,0.0507488613948226,0.0,
32042,moving,anchor,True,True,0,1.85,0.023596353828907013,0.1479332335293293,0.0,
32042,moving,policy2,False,False,0,,0.5355830192565918,1.0001831920817494,0.0,
32042,moving,policy1,True,True,0,2.45,0.012278039008378983,0.9527029003947973,0.0,
32042,moving,fixed,True,True,0,1.85,0.00718343909829855,1.2356336694210768,0.0830866102129221,0.0007318505235161865
32042,moving,feedback,True,True,0,1.75,0.006509972736239433,1.2036350090056658,0.21296169627457856,0.0052237143216189
32042,friction,cv,True,True,0,1.55,0.0005914096254855394,0.05157655104994774,0.0,
32042,friction,anchor,True,True,0,1.9000000000000001,0.005062103271484375,0.1404923852533102,0.0,
32042,friction,policy2,True,True,0,1.8,0.0048786248080432415,1.0082901921123266,0.0,
32042,friction,policy1,True,True,0,2.35,0.009392846375703812,0.9561405051499605,0.0,
32042,friction,fixed,True,True,0,1.6,0.002971036359667778,1.1870495043694973,0.06332077570259571,0.000682112377762678
32042,friction,feedback,True,True,0,1.6,0.00606636144220829,1.2076914077624679,0.13092960016801952,0.003202355395478662
32043,static,cv,True,True,0,1.4500000000000002,0.0005923433345742524,0.056135933846235275,0.0,
32043,static,anchor,True,True,0,1.55,0.001504420069977641,0.1370131503790617,0.0,
32043,static,policy2,True,True,0,1.75,0.0012230167631059885,0.9957347065210342,0.0,
32043,static,policy1,True,True,0,1.7000000000000002,0.009614594280719757,0.958575401455164,0.0,
32043,static,fixed,True,True,0,1.4000000000000001,0.0010779344011098146,1.2257710099220276,0.042621633224189284,0.0004019374340259674
32043,static,feedback,True,True,0,1.4500000000000002,0.004199230577796698,1.1913523077964783,0.17839977685362102,0.005553587364556733
32043,moving,cv,True,True,0,1.7000000000000002,0.0005909771425649524,0.0498518580570817,0.0,
32043,moving,anchor,True,True,0,2.4000000000000004,0.015662482008337975,0.1585975755006075,0.0,
32043,moving,policy2,True,True,0,2.6,0.01555490493774414,1.0287760058417916,0.0,
32043,moving,policy1,True,True,0,1.9500000000000002,0.002303507411852479,0.9515523095615208,0.0,
32043,moving,fixed,True,True,0,2.3000000000000003,0.012867364101111889,1.179553847759962,0.09881110284477472,0.0007717880846030312
32043,moving,feedback,True,True,0,2.1,0.010507923550903797,1.2147792614996433,0.20535991583019494,0.010080415986885782
32043,friction,cv,True,True,0,1.4500000000000002,0.0005922574200667441,0.05108676850795746,0.0,
32043,friction,anchor,True,True,0,1.85,0.0057804095558822155,0.13611679896712303,0.0,
32043,friction,policy2,True,True,0,2.0500000000000003,0.0028959610499441624,0.9941144147887826,0.0,
32043,friction,policy1,True,True,0,1.8,0.0052374303340911865,0.9634390007704496,0.0,
32043,friction,fixed,True,True,0,1.4500000000000002,0.002992178313434124,1.1823575245216489,0.05372889079153538,0.0008301322162878932
32043,friction,feedback,True,True,0,1.5,0.004590391181409359,1.2185567058622837,0.08150800541043282,0.003421210788656026
32044,static,cv,True,True,0,1.4500000000000002,0.0005913937347941101,0.05077701061964035,0.0,
32044,static,anchor,True,True,0,1.75,0.0062841810286045074,0.15485596377402544,0.0,
32044,static,policy2,True,True,0,1.7000000000000002,0.006905734539031982,1.0032137157395482,0.0,
32044,static,policy1,True,True,0,1.6500000000000001,0.008895634673535824,0.9583307430148125,0.0,
32044,static,fixed,True,True,0,1.4500000000000002,0.0052304333075881,1.1856266297399998,0.040393319260329005,0.00039680836471234215
32044,static,feedback,True,True,0,1.4500000000000002,0.0026592034846544266,1.2387103866785765,0.21078365007415414,0.007013096427544952
32044,moving,cv,True,True,0,1.4500000000000002,0.0005910612526349723,0.07310386281460524,0.0,
32044,moving,anchor,True,True,0,1.9000000000000001,0.013050069101154804,0.2070317743346095,0.0,
32044,moving,policy2,True,True,0,1.9500000000000002,0.016481298953294754,1.0810719104483724,0.0,
32044,moving,policy1,True,True,0,1.5,0.021805405616760254,0.9973457315936685,0.0,
32044,moving,fixed,True,True,0,1.4500000000000002,0.007998314686119556,1.2539933202788234,0.045803434774279596,0.0004905411467916565
32044,moving,feedback,True,True,0,1.4000000000000001,0.005301160737872124,1.2223402736708522,0.21406598892062903,0.006782890728209168
32044,friction,cv,True,True,0,1.4500000000000002,0.0005913946079090238,0.04912090953439474,0.0,
32044,friction,anchor,True,True,0,1.6500000000000001,0.007773297373205423,0.14717429876327515,0.0,
32044,friction,policy2,True,True,0,1.6,0.003333872649818659,1.010601781308651,0.0,
32044,friction,policy1,True,True,0,1.75,0.011761688627302647,0.9615826653316617,0.0,
32044,friction,fixed,True,True,0,1.4000000000000001,0.003153724130243063,1.207642094232142,0.040643990971148014,0.0005381823718380474
32044,friction,feedback,True,True,0,1.4000000000000001,0.003062238683924079,1.210659951902926,0.0707567062228918,0.002826783785712905
32045,static,cv,True,True,0,1.4500000000000002,0.0005921312840655446,0.050280941650271416,0.0,
32045,static,anchor,True,True,0,1.55,0.0037491493858397007,0.1374345738440752,0.0,
32045,static,policy2,True,True,0,1.6,0.005134387407451868,1.03272320702672,0.0,
32045,static,policy1,True,True,0,1.7000000000000002,0.0029303745832294226,0.9616539464332163,0.0,
32045,static,fixed,True,True,0,1.35,0.006557658314704895,1.16994793061167,0.03537797257304191,0.0004163324007095071
32045,static,feedback,True,True,0,1.4000000000000001,0.006940806750208139,1.1947161052376032,0.052993958629667756,0.0018788473447784782
32045,moving,cv,True,True,0,1.85,0.00059262674767524,0.054455921053886414,0.0,
32045,moving,anchor,False,False,0,,0.6943842172622681,0.14096808154135942,0.0,
32045,moving,policy2,False,False,0,,0.6147170066833496,0.9981457144021988,0.0,
32045,moving,policy1,False,True,0,,0.037126097828149796,0.9538954356685281,0.0,
32045,moving,fixed,True,True,0,1.5,0.0073004127480089664,1.215293095447123,0.1414033655077219,0.0014157118988805451
32045,moving,feedback,True,True,0,2.8000000000000003,0.01373386476188898,1.2102301931008697,0.2207884568721056,0.013898331184464041
32045,friction,cv,True,True,0,1.55,0.0005916508962400258,0.04951476585119963,0.0,
32045,friction,anchor,True,True,0,1.75,0.0010828921804204583,0.14446275308728218,0.0,
32045,friction,policy2,True,True,0,1.8,0.0029057508800178766,1.019570417702198,0.0,
32045,friction,policy1,True,True,0,1.85,0.004488375969231129,0.9514932171441615,0.0,
32045,friction,fixed,True,True,0,1.6500000000000001,0.003284364938735962,1.196209923364222,0.0589119553565979,0.0007307041378226131
32045,friction,feedback,True,True,0,1.4500000000000002,0.007415541913360357,1.1919718468561769,0.2190479129552841,0.006436947928159497
32046,static,cv,True,True,0,1.5,0.0005916572408750653,0.05186877679079771,0.0,
32046,static,anchor,True,True,0,1.7000000000000002,0.0049440329894423485,0.14321741182357073,0.0,
32046,static,policy2,True,True,0,1.8,0.004892375320196152,0.9952461114153266,0.0,
32046,static,policy1,True,True,0,1.9000000000000001,0.009670623578131199,0.9609226952306926,0.0,
32046,static,fixed,True,True,0,1.9000000000000001,0.00482363672927022,1.2109956936910748,0.05825001858174801,0.000535728276372538
32046,static,feedback,True,True,0,1.4000000000000001,0.004287057556211948,1.1903338832780719,0.20800434835255147,0.007737315414124169
32046,moving,cv,True,True,0,2.0500000000000003,0.0005910444888286293,0.04840597975999117,0.0,
32046,moving,anchor,False,True,0,,0.09661238640546799,0.13219802640378475,0.0,
32046,moving,policy2,False,False,0,,0.5364582538604736,1.0053496574983,0.0,
32046,moving,policy1,False,False,0,,0.6776845455169678,0.9472213801927865,0.0,
32046,moving,fixed,True,True,0,1.9500000000000002,0.007943650707602501,1.1945639969781041,0.08221124559640884,0.0010284628686349606
32046,moving,feedback,True,True,0,2.0,0.007765856571495533,1.1864909436553717,0.20209231041371822,0.006860979083285201
32046,friction,cv,True,True,0,1.55,0.0005920103285461664,0.05258054006844759,0.0,
32046,friction,anchor,True,True,0,2.6500000000000004,0.013714931905269623,0.14439853839576244,0.0,
32046,friction,policy2,True,True,0,1.85,0.006435943301767111,1.0167763568460941,0.0,
32046,friction,policy1,True,True,0,2.0500000000000003,0.006904100067913532,0.9574313880875707,0.0,
32046,friction,fixed,True,True,0,1.5,0.006099955178797245,1.2017648899927735,0.059794700145721434,0.0008562961978896055
32046,friction,feedback,True,True,0,1.6500000000000001,0.009751705452799797,1.2405954068526626,0.2093124121427536,0.008861669577891007
32047,static,cv,True,True,0,1.4500000000000002,0.0005922626587562263,0.05100131966173649,0.0,
32047,static,anchor,True,True,0,1.55,0.0008482157136313617,0.14370039571076632,0.0,
32047,static,policy2,True,True,0,1.6500000000000001,0.0030835766810923815,1.012776093557477,0.0,
32047,static,policy1,True,True,0,1.6,0.007519206497818232,0.9717808803543448,0.0,
32047,static,fixed,True,True,0,1.35,0.001273163827136159,1.2262121308594942,0.0324664756655693,0.00037804611783940343
32047,static,feedback,True,True,0,1.35,0.006584261544048786,1.251062285155058,0.04312427435070276,0.0016778935110778547
32047,moving,cv,True,True,0,1.4500000000000002,0.0005909588653594255,0.053894356824457645,0.0,
32047,moving,anchor,False,True,0,1.55,0.04683239758014679,0.1333138206973672,0.0,
32047,moving,policy2,False,True,0,1.6,0.08035730570554733,1.0042160283774137,0.0,
32047,moving,policy1,False,True,0,1.9000000000000001,0.02520347572863102,0.9830443072132766,0.0,
32047,moving,fixed,True,True,0,1.4500000000000002,0.0023020158987492323,1.182830799371004,0.0568237965926528,0.0005361634270229842
32047,moving,feedback,True,True,0,1.4000000000000001,0.011405635625123978,1.2159892590716481,0.13677372597157955,0.004074363890686073
32047,friction,cv,True,True,0,1.4500000000000002,0.0005921751144342124,0.0500459223985672,0.0,
32047,friction,anchor,True,True,0,1.7000000000000002,0.0031590405851602554,0.1643702620640397,0.0,
32047,friction,policy2,True,True,0,1.6500000000000001,0.0029444261454045773,1.011897111311555,0.0,
32047,friction,policy1,True,True,0,1.6,0.008831399492919445,0.9489175630733371,0.0,
32047,friction,fixed,True,True,0,1.4000000000000001,0.0034168099518865347,1.1989677092060447,0.040720345266163346,0.0005444204313789669
32047,friction,feedback,True,True,0,1.4000000000000001,0.0017105585429817438,1.244364958256483,0.20520226154476404,0.004987860244000331
