seed,condition,route,native_success,final_xy_error_m,cube_x_progress_m,first_success_s,mean_latency_ms,mean_prediction_error_m
44000,nominal,delayed_feedback,True,0.041273556649684906,0.1587320864200592,1.3,0.04475396126508713,
44000,nominal,velocity_feedback,True,0.04134013131260872,0.15870222449302673,1.3,0.04960525780916214,
44000,nominal,frozen,False,0.15162786841392517,0.0499768890440464,,1.1070707067847252,
44000,nominal,updated,False,0.11745325475931168,0.08730217069387436,,1.0649028047919273,
44000,nominal,model_guided,False,0.11430056393146515,0.0903027206659317,,1.1892906203866005,0.01348193803070379
44000,nominal,clean_feedback,True,0.04130193218588829,0.15870589017868042,1.3,0.044068843126297,
44000,low_friction,delayed_feedback,True,0.012015975080430508,0.18981888890266418,1.3,0.044279396533966064,
44000,low_friction,velocity_feedback,True,0.0068509834818542,0.19360405206680298,1.3,0.05196414887905121,
44000,low_friction,frozen,True,0.0694144070148468,0.13100072741508484,2.25,1.0371745005249977,
44000,low_friction,updated,False,0.15724919736385345,0.050422586500644684,,1.0433196648955345,
44000,low_friction,model_guided,False,0.17480997741222382,0.05489518865942955,,1.0773313790559769,0.00520104612223804
44000,low_friction,clean_feedback,True,0.006375229451805353,0.19375640153884888,1.3,0.0460217148065567,
44001,nominal,delayed_feedback,True,0.04134016111493111,0.15866577625274658,1.3,0.04444614052772522,
44001,nominal,velocity_feedback,True,0.04128476232290268,0.15872126817703247,1.3,0.06432328373193741,
44001,nominal,frozen,True,0.036502640694379807,0.1636943221092224,1.4000000000000001,1.030443236231804,
44001,nominal,updated,True,0.024721849709749222,0.21638646721839905,1.5,1.0596643388271332,
44001,nominal,model_guided,True,0.04933365434408188,0.15128803253173828,1.4500000000000002,1.1763690784573555,0.012536058775507487
44001,nominal,clean_feedback,True,0.04130769520998001,0.15869823098182678,1.3,0.04582837224006653,
44001,low_friction,delayed_feedback,True,0.008769463747739792,0.19709151983261108,1.3,0.04253506660461426,
44001,low_friction,velocity_feedback,True,0.00852246955037117,0.19228848814964294,1.3,0.04562400281429291,
44001,low_friction,frozen,True,0.034445855766534805,0.16580921411514282,1.4000000000000001,1.0437893867492676,
44001,low_friction,updated,True,0.06354213505983353,0.23047256469726562,1.4000000000000001,1.0536228492856026,
44001,low_friction,model_guided,True,0.057378076016902924,0.14352291822433472,1.5,1.1007081717252731,0.003179194376571104
44001,low_friction,clean_feedback,True,0.016426607966423035,0.18359610438346863,1.3,0.05744613707065582,
44002,nominal,delayed_feedback,True,0.04132027179002762,0.1586940884590149,1.3,0.04542991518974304,
44002,nominal,velocity_feedback,True,0.04126410931348801,0.1587372124195099,1.3,0.04596773535013199,
44002,nominal,frozen,True,0.032493673264980316,0.1681896150112152,1.4000000000000001,1.0411439463496208,
44002,nominal,updated,True,0.032226551324129105,0.1682358682155609,1.35,1.0631390288472176,
44002,nominal,model_guided,True,0.05279368534684181,0.14724889397621155,1.35,1.176142655313015,0.01591920864302665
44002,nominal,clean_feedback,True,0.041324593126773834,0.15868136286735535,1.3,0.044764913618564606,
44002,low_friction,delayed_feedback,True,0.006619377061724663,0.19660484790802002,1.3,0.042694881558418274,
44002,low_friction,velocity_feedback,True,0.0032216054387390614,0.1988857090473175,1.3,0.046691522002220154,
44002,low_friction,frozen,True,0.0502341128885746,0.15748921036720276,1.35,1.0352673381567001,
44002,low_friction,updated,True,0.02891359105706215,0.1711653470993042,1.35,1.0840466618537903,
44002,low_friction,model_guided,True,0.07024780660867691,0.14003989100456238,1.35,1.1833630129694939,0.014933772525788905
44002,low_friction,clean_feedback,True,0.015590941533446312,0.18454068899154663,1.3,0.04584774374961853,
44003,nominal,delayed_feedback,True,0.04128614440560341,0.15871918201446533,1.3,0.04749465733766556,
44003,nominal,velocity_feedback,True,0.04130019620060921,0.1586998701095581,1.3,0.05055580288171768,
44003,nominal,frozen,True,0.026764368638396263,0.17330557107925415,1.35,1.0401012003421783,
44003,nominal,updated,True,0.028397679328918457,0.17162200808525085,1.35,1.0217545181512833,
44003,nominal,model_guided,True,0.0282349344342947,0.17608699202537537,1.3,1.1725373566150665,0.004284512218631183
44003,nominal,clean_feedback,True,0.041288506239652634,0.15871161222457886,1.3,0.044759102165699005,
44003,low_friction,delayed_feedback,True,0.006368118803948164,0.19365918636322021,1.3,0.045182108879089355,
44003,low_friction,velocity_feedback,True,0.04029051586985588,0.2391127645969391,1.3,0.04767127335071564,
44003,low_friction,frozen,True,0.014858031645417213,0.18561816215515137,1.35,1.1103522032499313,
44003,low_friction,updated,True,0.01713329553604126,0.1828715205192566,1.3,1.0389358550310135,
44003,low_friction,model_guided,True,0.014979598112404346,0.18872928619384766,1.3,1.2054730206727982,0.004905939436866902
44003,low_friction,clean_feedback,True,0.0025182077661156654,0.19827833771705627,1.3,0.04363015294075012,
44004,nominal,delayed_feedback,True,0.09524624794721603,0.10475625842809677,1.25,0.04585385322570801,
44004,nominal,velocity_feedback,True,0.09512576460838318,0.10488048940896988,1.25,0.04775945097208023,
44004,nominal,frozen,True,0.08325321227312088,0.11675073951482773,1.35,1.0425392165780067,
44004,nominal,updated,True,0.07788696885108948,0.12215163558721542,1.3,1.023002490401268,
44004,nominal,model_guided,True,0.07806272059679031,0.12202539294958115,1.3,1.2104938924312592,0.00748111165868228
44004,nominal,clean_feedback,True,0.09519680589437485,0.10480893403291702,1.25,0.04473060369491577,
44004,low_friction,delayed_feedback,True,0.056869108229875565,0.14315307140350342,1.25,0.05253095179796219,
44004,low_friction,velocity_feedback,True,0.053825829178094864,0.14618974924087524,1.25,0.050909966230392456,
44004,low_friction,frozen,True,0.040825601667165756,0.1616443395614624,1.3,1.0232387483119965,
44004,low_friction,updated,True,0.05462471395730972,0.14538836479187012,1.3,1.0362215340137482,
44004,low_friction,model_guided,True,0.018480710685253143,0.18905675411224365,1.25,1.1812280863523483,0.003959986374765221
44004,low_friction,clean_feedback,True,0.05577436089515686,0.14439815282821655,1.25,0.05509302020072937,
44005,nominal,delayed_feedback,True,0.041246626526117325,0.1587604582309723,1.3,0.04795581102371216,
44005,nominal,velocity_feedback,True,0.04125407710671425,0.15875104069709778,1.3,0.07513150572776794,
44005,nominal,frozen,False,0.16591322422027588,0.03500024974346161,,1.0397738218307495,
44005,nominal,updated,True,0.03661571443080902,0.1638997197151184,1.4000000000000001,1.0239297524094582,
44005,nominal,model_guided,False,0.13397924602031708,0.0701182410120964,,1.166517399251461,0.009126489420305006
44005,nominal,clean_feedback,True,0.04124460741877556,0.15875688195228577,1.3,0.05542729049921036,
44005,low_friction,delayed_feedback,True,0.014710144139826298,0.18534493446350098,1.25,0.04411507397890091,
44005,low_friction,velocity_feedback,True,0.017785241827368736,0.1822468787431717,1.25,0.04724331200122833,
44005,low_friction,frozen,False,0.11231117695569992,0.09119488298892975,,1.0259455442428589,
44005,low_friction,updated,True,0.0313156396150589,0.17113608121871948,1.4000000000000001,1.094149798154831,
44005,low_friction,model_guided,False,0.1238744929432869,0.09561751782894135,,1.1391054466366768,0.01914829428642406
44005,low_friction,clean_feedback,True,0.019635755568742752,0.18115921318531036,1.3,0.044729337096214294,
44006,nominal,delayed_feedback,True,0.07366617769002914,0.12634330987930298,1.25,0.04585396498441696,
44006,nominal,velocity_feedback,True,0.07360611855983734,0.12639665603637695,1.25,0.04592780023813248,
44006,nominal,frozen,True,0.0814172774553299,0.11858812719583511,1.3,0.9870430454611778,
44006,nominal,updated,True,0.07494539022445679,0.12505990266799927,1.3,1.021571345627308,
44006,nominal,model_guided,True,0.06385084986686707,0.1363069713115692,1.35,1.095297932624817,0.008582294196821749
44006,nominal,clean_feedback,True,0.07410702854394913,0.1259010136127472,1.25,0.04017811268568039,
44006,low_friction,delayed_feedback,True,0.04250313714146614,0.15749701857566833,1.25,0.04036568105220795,
44006,low_friction,velocity_feedback,True,0.03678126633167267,0.23115068674087524,1.25,0.04403401166200638,
44006,low_friction,frozen,True,0.06991011649370193,0.1323874294757843,1.3,0.9881280362606049,
44006,low_friction,updated,True,0.04726558178663254,0.1527952253818512,1.3,0.9965486079454422,
44006,low_friction,model_guided,True,0.050485290586948395,0.15523508191108704,1.4000000000000001,1.061432808637619,0.014349240716546774
44006,low_friction,clean_feedback,True,0.0765778049826622,0.27533310651779175,1.25,0.04175674170255661,
44007,nominal,delayed_feedback,True,0.04131375625729561,0.15868647396564484,1.3,0.04112999886274338,
44007,nominal,velocity_feedback,True,0.041368357837200165,0.15868611633777618,1.3,0.044646188616752625,
44007,nominal,frozen,False,0.1169576495885849,0.08903384208679199,,1.0096417367458344,
44007,nominal,updated,False,0.12900568544864655,0.07741519063711166,,1.0530947893857956,
44007,nominal,model_guided,False,0.11935482919216156,0.08342921733856201,,1.0508055984973907,0.008791224199480243
44007,nominal,clean_feedback,True,0.041328251361846924,0.15868844091892242,1.3,0.04091557115316391,
44007,low_friction,delayed_feedback,True,0.0027912731748074293,0.19851374626159668,1.25,0.04065830260515213,
44007,low_friction,velocity_feedback,True,0.005068113096058369,0.1951906383037567,1.25,0.044451504945755005,
44007,low_friction,frozen,False,0.11707138270139694,0.08375760912895203,,0.971955806016922,
44007,low_friction,updated,False,0.1509242206811905,0.12054292857646942,,0.9980712831020355,
44007,low_friction,model_guided,False,0.12296640872955322,0.1292174607515335,,1.003805585205555,0.0011343657388351858
44007,low_friction,clean_feedback,True,0.005223541054874659,0.19497311115264893,1.25,0.04032298922538757,
44008,nominal,delayed_feedback,True,0.041354916989803314,0.15869176387786865,1.25,0.03967795521020889,
44008,nominal,velocity_feedback,True,0.04133673384785652,0.15869319438934326,1.25,0.04733525216579437,
44008,nominal,frozen,False,0.13365145027637482,0.06772410869598389,,1.019667536020279,
44008,nominal,updated,False,0.1391228437423706,0.06808210164308548,,1.0035838559269905,
44008,nominal,model_guided,False,0.14463670551776886,0.05731415003538132,,1.089424230158329,0.01823837563279085
44008,nominal,clean_feedback,True,0.04134465381503105,0.1586839109659195,1.25,0.04204362630844116,
44008,low_friction,delayed_feedback,True,0.02445315010845661,0.17559754848480225,1.25,0.042416080832481384,
44008,low_friction,velocity_feedback,True,0.016905883327126503,0.18349623680114746,1.2000000000000002,0.04372488707304001,
44008,low_friction,frozen,False,0.10799165070056915,0.10067807137966156,,0.9842382371425629,
44008,low_friction,updated,False,0.16647224128246307,0.11203090846538544,,0.9908485785126686,
44008,low_friction,model_guided,True,0.07155513763427734,0.12997639179229736,1.85,1.0695524513721466,0.011260850937105715
44008,low_friction,clean_feedback,True,0.014275673776865005,0.18579159677028656,1.25,0.03750920295715332,
44009,nominal,delayed_feedback,True,0.041323814541101456,0.15868520736694336,1.35,0.04354152828454971,
44009,nominal,velocity_feedback,True,0.041321493685245514,0.15868133306503296,1.35,0.051343515515327454,
44009,nominal,frozen,True,0.0902685895562172,0.11045708507299423,2.45,0.9984922781586647,
44009,nominal,updated,False,0.1349552869796753,0.06676309555768967,,0.9701903536915779,
44009,nominal,model_guided,False,0.10944395512342453,0.09122176468372345,,1.0343218222260475,0.0055896514095366
44009,nominal,clean_feedback,True,0.041329238563776016,0.15868209302425385,1.35,0.0401730090379715,
44009,low_friction,delayed_feedback,True,0.013051653280854225,0.18764133751392365,1.35,0.04350155591964722,
44009,low_friction,velocity_feedback,True,0.015271209180355072,0.18489089608192444,1.35,0.04275228828191757,
44009,low_friction,frozen,False,0.10253462195396423,0.1163916364312172,,0.9841283038258553,
44009,low_friction,updated,True,0.08768350630998611,0.11733777821063995,1.9500000000000002,0.9773134812712669,
44009,low_friction,model_guided,True,0.09351346641778946,0.12534956634044647,2.45,1.0210536047816277,0.00213227653875947
44009,low_friction,clean_feedback,True,0.022968538105487823,0.17733272910118103,1.35,0.040500983595848083,
44010,nominal,delayed_feedback,True,0.04133336991071701,0.15868619084358215,1.3,0.04881914705038071,
44010,nominal,velocity_feedback,True,0.04129128158092499,0.15871039032936096,1.3,0.0415092334151268,
44010,nominal,frozen,True,0.04068468138575554,0.15958940982818604,1.4000000000000001,1.0163749754428864,
44010,nominal,updated,True,0.036942288279533386,0.16311544179916382,1.35,0.9803331270813942,
44010,nominal,model_guided,False,0.10341344028711319,0.1059865653514862,1.4500000000000002,1.1041698977351189,0.018458608238558685
44010,nominal,clean_feedback,True,0.041279781609773636,0.15872296690940857,1.3,0.040910542011260986,
44010,low_friction,delayed_feedback,True,0.01924605667591095,0.1807539463043213,1.3,0.04032917320728302,
44010,low_friction,velocity_feedback,True,0.014146196655929089,0.1861932873725891,1.3,0.04441455006599426,
44010,low_friction,frozen,True,0.03172997757792473,0.16833087801933289,1.4000000000000001,0.9844018518924713,
44010,low_friction,updated,True,0.031988102942705154,0.16886693239212036,1.35,1.0020796209573746,
44010,low_friction,model_guided,True,0.08868898451328278,0.11525753140449524,1.85,1.134563833475113,0.009640445195448896
44010,low_friction,clean_feedback,True,0.026909735053777695,0.17422789335250854,1.3,0.04335816949605942,
44011,nominal,delayed_feedback,True,0.041253138333559036,0.1587468683719635,1.4000000000000001,0.0400577113032341,
44011,nominal,velocity_feedback,True,0.04125586152076721,0.15874427556991577,1.4000000000000001,0.04455912858247757,
44011,nominal,frozen,False,0.17280907928943634,0.028601281344890594,,0.998392179608345,
44011,nominal,updated,True,0.09970078617334366,0.10176920145750046,2.5,0.9772687405347824,
44011,nominal,model_guided,False,0.1288052648305893,0.07541307806968689,,1.075134165585041,0.01808011129550222
44011,nominal,clean_feedback,True,0.041253212839365005,0.15874677896499634,1.4000000000000001,0.03776300698518753,
44011,low_friction,delayed_feedback,True,0.018972326070070267,0.18239042162895203,1.4000000000000001,0.03698069602251053,
44011,low_friction,velocity_feedback,True,0.006941589526832104,0.19389940798282623,1.4000000000000001,0.04413280636072159,
44011,low_friction,frozen,False,0.1272982507944107,0.08232831954956055,,0.99846001714468,
44011,low_friction,updated,False,0.18127650022506714,0.10468809306621552,,1.0229729861021042,
44011,low_friction,model_guided,False,0.14598193764686584,0.10081334412097931,,1.0897890850901604,0.030249535688199103
44011,low_friction,clean_feedback,True,0.012090328149497509,0.18810579180717468,1.4000000000000001,0.041115134954452515,
44012,nominal,delayed_feedback,True,0.041301876306533813,0.15873368084430695,1.35,0.04197210073471069,
44012,nominal,velocity_feedback,True,0.04128527268767357,0.15875548124313354,1.35,0.045637041330337524,
44012,nominal,frozen,False,0.1447017937898636,0.0557100772857666,,0.9788667038083076,
44012,nominal,updated,False,0.13505008816719055,0.06742706149816513,,0.9892317652702332,
44012,nominal,model_guided,False,0.1528129130601883,0.0478597916662693,,1.0607248172163963,0.009272635914385319
44012,nominal,clean_feedback,True,0.041311848908662796,0.15875238180160522,1.35,0.04087459295988083,
44012,low_friction,delayed_feedback,True,0.01657484844326973,0.18375512957572937,1.35,0.04052039235830307,
44012,low_friction,velocity_feedback,True,0.01156674325466156,0.18868151307106018,1.35,0.046163126826286316,
44012,low_friction,frozen,False,0.13291895389556885,0.09436438232660294,,1.0240213945508003,
44012,low_friction,updated,False,0.12841345369815826,0.10004223883152008,,1.0059071704745293,
44012,low_friction,model_guided,False,0.10721955448389053,0.13346639275550842,,0.9993666037917137,0.015117110684514046
44012,low_friction,clean_feedback,True,0.012430062517523766,0.18793922662734985,1.35,0.04265718162059784,
44013,nominal,delayed_feedback,True,0.041330933570861816,0.1586986482143402,1.3,0.041036270558834076,
44013,nominal,velocity_feedback,True,0.041267380118370056,0.15874063968658447,1.3,0.04513014107942581,
44013,nominal,frozen,True,0.031190523877739906,0.16954824328422546,1.4000000000000001,0.977681502699852,
44013,nominal,updated,True,0.029239587485790253,0.1710435152053833,1.4000000000000001,1.014205813407898,
44013,nominal,model_guided,False,0.1260327696800232,0.08358409255743027,,1.1200714856386185,0.019100757966953097
44013,nominal,clean_feedback,True,0.04129470884799957,0.15872378647327423,1.3,0.04291754215955734,
44013,low_friction,delayed_feedback,True,0.012392313219606876,0.19621680676937103,1.3,0.04196055233478546,
44013,low_friction,velocity_feedback,True,0.009171323850750923,0.19225291907787323,1.3,0.051842741668224335,
44013,low_friction,frozen,True,0.015225887298583984,0.1919204145669937,1.35,1.0235171392560005,
44013,low_friction,updated,True,0.02515684813261032,0.17495335638523102,1.35,0.9767426177859306,
44013,low_friction,model_guided,False,0.18666839599609375,0.08102038502693176,,1.0714980959892273,0.018864301130330812
44013,low_friction,clean_feedback,True,0.010522913187742233,0.18965256214141846,1.3,0.04263672977685928,
44014,nominal,delayed_feedback,True,0.04129701107740402,0.1587078720331192,1.3,0.03968384116888046,
44014,nominal,velocity_feedback,True,0.041272666305303574,0.15873083472251892,1.3,0.046097561717033386,
44014,nominal,frozen,True,0.0883236676454544,0.11187972128391266,1.7000000000000002,0.9849191457033157,
44014,nominal,updated,True,0.03763263300061226,0.16238179802894592,1.4000000000000001,0.9939201921224594,
44014,nominal,model_guided,True,0.06842811405658722,0.1316632181406021,1.5,1.063641645014286,0.014463063001378694
44014,nominal,clean_feedback,True,0.04127417504787445,0.15875081717967987,1.3,0.04088427871465683,
44014,low_friction,delayed_feedback,True,0.004537271801382303,0.19555404782295227,1.3,0.047057271003723145,
44014,low_friction,velocity_feedback,True,0.015847403556108475,0.1843111515045166,1.3,0.04741191864013672,
44014,low_friction,frozen,True,0.061964742839336395,0.138892263174057,1.8,0.9798592701554298,
44014,low_friction,updated,True,0.034879639744758606,0.16589879989624023,1.35,1.0028330981731415,
44014,low_friction,model_guided,True,0.09219690412282944,0.12775163352489471,1.4500000000000002,1.0709508135914803,0.01173723753475185
44014,low_friction,clean_feedback,True,0.013416307978332043,0.18671263754367828,1.3,0.04293888807296753,
44015,nominal,delayed_feedback,True,0.041291818022727966,0.1587083637714386,1.3,0.04179127514362335,
44015,nominal,velocity_feedback,True,0.04130677878856659,0.15870292484760284,1.3,0.04543963819742203,
44015,nominal,frozen,False,0.14742156863212585,0.05329370126128197,,0.9880056604743004,
44015,nominal,updated,False,0.13057294487953186,0.078962542116642,,0.9903228655457497,
44015,nominal,model_guided,False,0.10247812420129776,0.10252855718135834,,1.109800525009632,0.00862139724712405
44015,nominal,clean_feedback,True,0.04128814861178398,0.15871185064315796,1.3,0.05079943686723709,
44015,low_friction,delayed_feedback,True,0.012396836653351784,0.18765872716903687,1.25,0.0418979674577713,
44015,low_friction,velocity_feedback,True,0.004922048654407263,0.1954878568649292,1.3,0.04578452557325363,
44015,low_friction,frozen,False,0.10899487882852554,0.09179346263408661,,0.974590890109539,
44015,low_friction,updated,False,0.1283670961856842,0.11448859423398972,,0.9852331504225731,
44015,low_friction,model_guided,False,0.11434050649404526,0.09184551239013672,,1.0497742518782616,0.01854638023568051
44015,low_friction,clean_feedback,True,0.006124122999608517,0.19389748573303223,1.25,0.04343651235103607,
