seed,moving,mode,success,success_once,grasp_once,releases,first_contact_step,first_contact_speed,first_grasp_step,first_success_step,max_phase,final_distance,mean_latency_ms,trace
20000,False,action,True,True,True,0,12,0.021995341405272484,12,30,3,0.0005924741271883249,0.07346002385020256,20000_0_action.npz
20000,False,cv,True,True,True,0,11,0.10507412254810333,12,30,3,0.0005916088121011853,0.04895278252661228,20000_0_cv.npz
20000,False,fast,True,True,True,0,12,0.03656475991010666,12,31,3,0.0005933619104325771,0.041738885920494795,20000_0_fast.npz
20000,False,history,True,True,True,0,12,0.024587929248809814,12,30,3,0.0005919459508731961,0.08457144722342491,20000_0_history.npz
20000,False,servo,True,True,True,0,11,0.10629338771104813,12,30,3,0.0005920523544773459,0.04886523820459843,20000_0_servo.npz
20000,True,action,True,True,True,0,13,0.1503281146287918,14,36,3,0.0005961842834949493,0.07381571922451258,20000_1_action.npz
20000,True,cv,True,True,True,0,11,0.036424774676561356,12,34,3,0.000592966447584331,0.051342020742595196,20000_1_cv.npz
20000,True,fast,True,True,True,0,11,0.27378350496292114,12,32,3,0.000593219418078661,0.04454248119145632,20000_1_fast.npz
20000,True,history,True,True,True,0,13,0.1503281146287918,14,36,3,0.0005961842834949493,0.07953892927616835,20000_1_history.npz
20000,True,servo,True,True,True,0,11,0.18546107411384583,12,33,3,0.0005983953014947474,0.0644082436338067,20000_1_servo.npz
20001,False,action,True,True,True,0,12,0.02665751799941063,12,30,3,0.000592048978433013,0.07834003772586584,20001_0_action.npz
20001,False,cv,True,True,True,0,11,0.08766975998878479,12,30,3,0.0005920127732679248,0.0467661302536726,20001_0_cv.npz
20001,False,fast,True,True,True,0,12,0.0395454540848732,12,30,3,0.0005921605043113232,0.04361327737569809,20001_0_fast.npz
20001,False,history,True,True,True,0,12,0.025780901312828064,12,30,3,0.000592199619859457,0.07374277338385582,20001_0_history.npz
20001,False,servo,True,True,True,0,11,0.08876319974660873,12,30,3,0.000591837044339627,0.050373561680316925,20001_0_servo.npz
20001,True,action,True,True,True,0,11,0.3257392346858978,12,29,3,0.0005978972185403109,0.07428575772792101,20001_1_action.npz
20001,True,cv,True,True,True,0,11,0.2645736634731293,12,29,3,0.0005952243227511644,0.04967935383319855,20001_1_cv.npz
20001,True,fast,True,True,True,0,11,0.2780401110649109,12,29,3,0.0005980493733659387,0.0430090120062232,20001_1_fast.npz
20001,True,history,True,True,True,0,11,0.26757436990737915,12,29,3,0.0005975554813630879,0.07944600656628609,20001_1_history.npz
20001,True,servo,True,True,True,0,19,0.1715737134218216,20,37,3,0.0005951872444711626,0.04889629781246185,20001_1_servo.npz
20002,False,action,True,True,True,0,11,0.1448022723197937,12,29,3,0.0005915291840210557,0.08883271366357803,20002_0_action.npz
20002,False,cv,True,True,True,0,11,0.025458119809627533,12,29,3,0.0005921176634728909,0.04911096766591072,20002_0_cv.npz
20002,False,fast,True,True,True,0,12,0.03335445746779442,12,29,3,0.0005945049924775958,0.04146895371377468,20002_0_fast.npz
20002,False,history,True,True,True,0,11,0.1448022723197937,12,29,3,0.0005916650989092886,0.07295126561075449,20002_0_history.npz
20002,False,servo,True,True,True,0,11,0.02374671772122383,12,29,3,0.0005921233096159995,0.04877194296568632,20002_0_servo.npz
20002,True,action,True,True,True,0,14,0.04739636927843094,14,35,3,0.0005880874232389033,0.07670123595744371,20002_1_action.npz
20002,True,cv,True,True,True,0,13,0.3004534840583801,14,34,3,0.000588955357670784,0.04630712792277336,20002_1_cv.npz
20002,True,fast,True,True,True,0,11,0.3075610101222992,12,30,3,0.0005971415666863322,0.04213969223201275,20002_1_fast.npz
20002,True,history,True,True,True,0,14,0.04739636927843094,14,35,3,0.0005880874232389033,0.08455426432192326,20002_1_history.npz
20002,True,servo,True,True,True,0,13,0.24141085147857666,14,35,3,0.0005884157726541162,0.04612156189978123,20002_1_servo.npz
20003,False,action,True,True,True,0,12,0.02335699461400509,12,29,3,0.0005918551469221711,0.0769513426348567,20003_0_action.npz
20003,False,cv,True,True,True,0,12,0.02338472381234169,12,29,3,0.0005916727823205292,0.05122865550220013,20003_0_cv.npz
20003,False,fast,True,True,True,0,12,0.038449693471193314,12,29,3,0.0005955406813882291,0.041681795846670866,20003_0_fast.npz
20003,False,history,True,True,True,0,12,0.02335699461400509,12,29,3,0.0005919915856793523,0.07717774715274572,20003_0_history.npz
20003,False,servo,True,True,True,0,12,0.023167600855231285,12,29,3,0.0005920149269513786,0.05292617715895176,20003_0_servo.npz
20003,True,action,True,True,True,0,11,0.17886009812355042,12,33,3,0.0005962951108813286,0.0748735386878252,20003_1_action.npz
20003,True,cv,True,True,True,0,11,0.28122618794441223,12,34,3,0.0005927549791522324,0.04833622369915247,20003_1_cv.npz
20003,True,fast,True,True,True,0,11,0.25317710638046265,12,30,3,0.0005987759795971215,0.041314284317195415,20003_1_fast.npz
20003,True,history,True,True,True,0,11,0.17886009812355042,12,33,3,0.0005963895819149911,0.08606205228716135,20003_1_history.npz
20003,True,servo,True,True,True,0,17,0.17284579575061798,18,40,3,0.0006006932817399502,0.046988180838525295,20003_1_servo.npz
20004,False,action,True,True,True,0,12,0.022108906880021095,12,29,3,0.0005919345421716571,0.07098347414284945,20004_0_action.npz
20004,False,cv,True,True,True,0,12,0.022280680015683174,12,29,3,0.0005925652221776545,0.05220705643296242,20004_0_cv.npz
20004,False,fast,True,True,True,0,12,0.035442572087049484,12,30,3,0.0005944296135567129,0.042458635289222,20004_0_fast.npz
20004,False,history,True,True,True,0,12,0.022108906880021095,12,29,3,0.000592184835113585,0.07215209770947695,20004_0_history.npz
20004,False,servo,True,True,True,0,12,0.02243657223880291,12,29,3,0.0005919598042964935,0.05281504709273577,20004_0_servo.npz
20004,True,action,True,True,True,0,11,0.25563618540763855,12,33,3,0.0005993638187646866,0.07179873064160347,20004_1_action.npz
20004,True,cv,True,True,True,0,11,0.19152900576591492,12,31,3,0.0005925305304117501,0.05054650828242302,20004_1_cv.npz
20004,True,fast,True,True,True,0,11,0.2338491678237915,12,30,3,0.0005954339867457747,0.04181243712082505,20004_1_fast.npz
20004,True,history,True,True,True,0,11,0.21582329273223877,12,31,3,0.0006001617293804884,0.0781395472586155,20004_1_history.npz
20004,True,servo,True,True,True,0,12,0.053912241011857986,12,31,3,0.0005962048890069127,0.04940638318657875,20004_1_servo.npz
20005,False,action,True,True,True,0,11,0.08918984979391098,12,29,3,0.0005920390831306577,0.07115434855222702,20005_0_action.npz
20005,False,cv,True,True,True,0,12,0.02253575250506401,12,29,3,0.0005925098666921258,0.05527620669454336,20005_0_cv.npz
20005,False,fast,True,True,True,0,12,0.03818298503756523,12,29,3,0.0005939663387835026,0.044530455488711596,20005_0_fast.npz
20005,False,history,True,True,True,0,11,0.08918984979391098,12,29,3,0.0005921279080212116,0.07375429850071669,20005_0_history.npz
20005,False,servo,True,True,True,0,12,0.023098677396774292,12,29,3,0.0005925412406213582,0.05407135467976332,20005_0_servo.npz
20005,True,action,True,True,True,0,11,0.2082895189523697,12,33,3,0.000597260135691613,0.07335913833230734,20005_1_action.npz
20005,True,cv,True,True,True,0,11,0.20911559462547302,12,35,3,0.0005922596319578588,0.04957802593708038,20005_1_cv.npz
20005,True,fast,True,True,True,0,12,0.14540106058120728,12,31,3,0.0005953935906291008,0.04385489737614989,20005_1_fast.npz
20005,True,history,True,True,True,0,11,0.22610926628112793,12,34,3,0.0005962471477687359,0.0823634909465909,20005_1_history.npz
20005,True,servo,True,True,True,0,17,0.4089391827583313,18,41,3,0.0005941881099715829,0.04911900032311678,20005_1_servo.npz
20006,False,action,True,True,True,0,11,0.01323754247277975,12,29,3,0.0005923432181589305,0.07712084334343672,20006_0_action.npz
20006,False,cv,True,True,True,0,11,0.04901975393295288,12,29,3,0.0005918703391216695,0.0467587960883975,20006_0_cv.npz
20006,False,fast,True,True,True,0,12,0.0387871228158474,12,29,3,0.0005938433459959924,0.042239041067659855,20006_0_fast.npz
20006,False,history,True,True,True,0,11,0.01323754247277975,12,29,3,0.0005923153948970139,0.0722893513739109,20006_0_history.npz
20006,False,servo,True,True,True,0,11,0.048016633838415146,12,29,3,0.000592143798712641,0.050128321163356304,20006_0_servo.npz
20006,True,action,True,True,True,0,12,0.03412029519677162,12,33,3,0.0005906635778956115,0.08597346022725105,20006_1_action.npz
20006,True,cv,True,True,True,0,12,0.03237917646765709,12,32,3,0.0005903248093090951,0.048884120769798756,20006_1_cv.npz
20006,True,fast,True,True,True,0,11,0.21664336323738098,12,31,3,0.0005967310280539095,0.04164550919085741,20006_1_fast.npz
20006,True,history,True,True,True,0,12,0.042206306010484695,12,33,3,0.0005938842077739537,0.08340789936482906,20006_1_history.npz
20006,True,servo,True,True,True,0,11,0.26592257618904114,12,33,3,0.0005887149018235505,0.04635769873857498,20006_1_servo.npz
20007,False,action,True,True,True,0,11,0.06707996129989624,12,29,3,0.0005919034010730684,0.07323753088712692,20007_0_action.npz
20007,False,cv,True,True,True,0,11,0.03945919871330261,12,29,3,0.0005922924028709531,0.04795794375240803,20007_0_cv.npz
20007,False,fast,True,True,True,0,12,0.03317771106958389,12,29,3,0.0005950572667643428,0.041943404357880354,20007_0_fast.npz
20007,False,history,True,True,True,0,11,0.06707996129989624,12,29,3,0.0005922529380768538,0.08324696682393551,20007_0_history.npz
20007,False,servo,True,True,True,0,11,0.03768440708518028,12,29,3,0.0005920398398302495,0.04871385172009468,20007_0_servo.npz
20007,True,action,True,True,True,0,11,0.3870024085044861,12,33,3,0.0005863091791979969,0.07938984781503677,20007_1_action.npz
20007,True,cv,True,True,True,0,11,0.19299963116645813,12,34,3,0.0005891399341635406,0.04948724526911974,20007_1_cv.npz
20007,True,fast,True,True,True,0,12,0.14387866854667664,12,30,3,0.0005950665799900889,0.04275543615221977,20007_1_fast.npz
20007,True,history,True,True,True,0,11,0.3269485831260681,12,33,3,0.0005893800407648087,0.07867820095270872,20007_1_history.npz
20007,True,servo,True,True,True,0,19,0.33595263957977295,20,44,3,0.0005954844527877867,0.050878641195595264,20007_1_servo.npz
20008,False,action,True,True,True,0,13,0.027838943526148796,14,31,3,0.0005914983339607716,0.07462224457412958,20008_0_action.npz
20008,False,cv,True,True,True,0,11,0.042316414415836334,12,29,3,0.0005918068927712739,0.05199308507144451,20008_0_cv.npz
20008,False,fast,True,True,True,0,12,0.03311945125460625,12,30,3,0.0005944412550888956,0.04241163842380047,20008_0_fast.npz
20008,False,history,True,True,True,0,13,0.027838943526148796,14,31,3,0.00059171998873353,0.08210467640310526,20008_0_history.npz
20008,False,servo,True,True,True,0,11,0.04290777072310448,12,29,3,0.0005920273833908141,0.04658522084355354,20008_0_servo.npz
20008,True,action,True,True,True,0,19,0.22461532056331635,20,37,3,0.0005937065579928458,0.08735135197639465,20008_1_action.npz
20008,True,cv,True,True,True,0,17,0.25434431433677673,18,35,3,0.0005932294297963381,0.050058867782354355,20008_1_cv.npz
20008,True,fast,True,True,True,0,17,0.2857338786125183,18,35,3,0.0005978321423754096,0.04087819252163172,20008_1_fast.npz
20008,True,history,True,True,True,0,19,0.22461532056331635,20,37,3,0.0005972773069515824,0.08403309620916843,20008_1_history.npz
20008,True,servo,True,True,True,0,19,0.25562411546707153,20,37,3,0.0005963496514596045,0.048875436186790466,20008_1_servo.npz
20009,False,action,True,True,True,0,12,0.02393457479774952,12,29,3,0.000592030759435147,0.07255955133587122,20009_0_action.npz
20009,False,cv,True,True,True,0,12,0.02375880256295204,12,29,3,0.0005920204566791654,0.04993584007024765,20009_0_cv.npz
20009,False,fast,True,True,True,0,12,0.038802724331617355,12,29,3,0.0005944943986833096,0.04300831351429224,20009_0_fast.npz
20009,False,history,True,True,True,0,12,0.02393457479774952,12,29,3,0.0005917144007980824,0.07234551012516022,20009_0_history.npz
20009,False,servo,True,True,True,0,12,0.023737706243991852,12,29,3,0.0005920824478380382,0.05129389464855194,20009_0_servo.npz
20009,True,action,True,True,True,0,11,0.2724163234233856,12,30,3,0.0005926252342760563,0.0769181177020073,20009_1_action.npz
20009,True,cv,True,True,True,0,11,0.24011628329753876,12,30,3,0.0005910767358727753,0.04738725256174803,20009_1_cv.npz
20009,True,fast,True,True,True,0,11,0.2074309140443802,12,29,3,0.0005977925029583275,0.04463744116947055,20009_1_fast.npz
20009,True,history,True,True,True,0,11,0.2724163234233856,12,30,3,0.0005907831946387887,0.07965336553752422,20009_1_history.npz
20009,True,servo,True,True,True,0,13,0.42093807458877563,14,33,3,0.0005934888031333685,0.05050732288509607,20009_1_servo.npz
20010,False,action,True,True,True,0,11,0.03707980737090111,12,29,3,0.0005919732502661645,0.07636717054992914,20010_0_action.npz
20010,False,cv,True,True,True,0,11,0.06212520971894264,12,29,3,0.0005920950789004564,0.04932372830808163,20010_0_cv.npz
20010,False,fast,True,True,True,0,12,0.034464940428733826,12,29,3,0.0005944320000708103,0.04604160785675049,20010_0_fast.npz
20010,False,history,True,True,True,0,11,0.03707980737090111,12,29,3,0.0005924393772147596,0.0716187758371234,20010_0_history.npz
20010,False,servo,True,True,True,0,11,0.06146663799881935,12,29,3,0.0005922231357544661,0.04727328196167946,20010_0_servo.npz
20010,True,action,True,True,True,0,11,0.14261633157730103,12,33,3,0.0005895774229429662,0.08938678074628115,20010_1_action.npz
20010,True,cv,True,True,True,0,11,0.19756455719470978,12,34,3,0.0005908218445256352,0.05243937484920025,20010_1_cv.npz
20010,True,fast,True,True,True,0,12,0.1390860378742218,12,31,3,0.0005911512416787446,0.044805987272411585,20010_1_fast.npz
20010,True,history,True,True,True,0,11,0.14261633157730103,12,33,3,0.0005895774229429662,0.08741577621549368,20010_1_history.npz
20010,True,servo,True,True,True,0,17,0.44475439190864563,18,41,3,0.0005952147184871137,0.05637095309793949,20010_1_servo.npz
20011,False,action,True,True,True,0,11,0.07352303713560104,12,29,3,0.000591849151533097,0.08033099584281445,20011_0_action.npz
20011,False,cv,True,True,True,0,12,0.02543097920715809,12,29,3,0.0005919862305745482,0.04667108878493309,20011_0_cv.npz
20011,False,fast,True,True,True,0,12,0.02364039234817028,12,29,3,0.0005915171350352466,0.04258106928318739,20011_0_fast.npz
20011,False,history,True,True,True,0,11,0.07352303713560104,12,29,3,0.0005915568326599896,0.08140257559716702,20011_0_history.npz
20011,False,servo,True,True,True,0,12,0.025621039792895317,12,29,3,0.0005921125994063914,0.045900698751211166,20011_0_servo.npz
20011,True,action,True,True,True,0,11,0.09071236848831177,12,29,3,0.0005962626310065389,0.07378535810858011,20011_1_action.npz
20011,True,cv,True,True,True,0,12,0.060285747051239014,12,29,3,0.0005934205837547779,0.04689039196819067,20011_1_cv.npz
20011,True,fast,True,True,True,0,12,0.07054399698972702,12,29,3,0.0005961428978480399,0.04304138710722327,20011_1_fast.npz
20011,True,history,True,True,True,0,11,0.09071236848831177,12,29,3,0.0005978993722237647,0.07876651361584663,20011_1_history.npz
20011,True,servo,True,True,True,0,12,0.05380420759320259,12,29,3,0.0005957325920462608,0.04799042362719774,20011_1_servo.npz
20012,False,action,True,True,True,0,12,0.026644520461559296,12,29,3,0.000592005904763937,0.07194695062935352,20012_0_action.npz
20012,False,cv,True,True,True,0,12,0.026114406064152718,12,29,3,0.000592004565987736,0.05139019340276718,20012_0_cv.npz
20012,False,fast,True,True,True,0,12,0.024847377091646194,12,29,3,0.0005912306951358914,0.04202452255412936,20012_0_fast.npz
20012,False,history,True,True,True,0,12,0.026047198101878166,12,30,3,0.0005918075912632048,0.08072815835475922,20012_0_history.npz
20012,False,servo,True,True,True,0,12,0.02629772759974003,12,30,3,0.0005918874521739781,0.04763456527143717,20012_0_servo.npz
20012,True,action,True,True,True,0,12,0.022379662841558456,12,37,3,0.0005894480855204165,0.07295066025108099,20012_1_action.npz
20012,True,cv,True,True,True,0,12,0.034635256975889206,12,36,3,0.0005886332364752889,0.05271881818771362,20012_1_cv.npz
20012,True,fast,True,True,True,0,11,0.07867437601089478,12,35,3,0.0005965130403637886,0.041535706259310246,20012_1_fast.npz
20012,True,history,True,True,True,0,12,0.022467931732535362,12,37,3,0.0005896041402593255,0.07874704897403717,20012_1_history.npz
20012,True,servo,True,True,True,0,13,0.30956360697746277,14,40,3,0.0005849981098435819,0.04882826469838619,20012_1_servo.npz
20013,False,action,True,True,True,0,12,0.02421293407678604,12,30,3,0.0005922138225287199,0.0786913326010108,20013_0_action.npz
20013,False,cv,True,True,True,0,11,0.09487570077180862,12,30,3,0.0005917089292779565,0.05036636721342802,20013_0_cv.npz
20013,False,fast,True,True,True,0,12,0.03391284495592117,12,30,3,0.0005948712350800633,0.04228506004437804,20013_0_fast.npz
20013,False,history,True,True,True,0,12,0.02421293407678604,12,30,3,0.0005922138225287199,0.07436065934598446,20013_0_history.npz
20013,False,servo,True,True,True,0,11,0.095737524330616,12,30,3,0.0005919826799072325,0.05054301582276821,20013_0_servo.npz
20013,True,action,True,True,True,0,12,0.06137384846806526,12,29,3,0.0005909853498451412,0.07351331878453493,20013_1_action.npz
20013,True,cv,True,True,True,0,12,0.05596594884991646,12,29,3,0.0005918655660934746,0.04841950722038746,20013_1_cv.npz
20013,True,fast,True,True,True,0,11,0.23829105496406555,12,29,3,0.000594878161791712,0.04250723868608475,20013_1_fast.npz
20013,True,history,True,True,True,0,12,0.053124796599149704,12,29,3,0.0005934392684139311,0.07713609375059605,20013_1_history.npz
20013,True,servo,True,True,True,0,11,0.2684295177459717,12,29,3,0.0005931173800490797,0.05198975559324026,20013_1_servo.npz
20014,False,action,True,True,True,0,12,0.022702760994434357,12,29,3,0.0005922198761254549,0.07682612631469965,20014_0_action.npz
20014,False,cv,True,True,True,0,12,0.02196318842470646,12,29,3,0.0005920955445617437,0.04856048617511988,20014_0_cv.npz
20014,False,fast,True,True,True,0,12,0.03339641913771629,12,29,3,0.0005949264741502702,0.04715792601928115,20014_0_fast.npz
20014,False,history,True,True,True,0,12,0.022702760994434357,12,29,3,0.0005918028182350099,0.0767298974096775,20014_0_history.npz
20014,False,servo,True,True,True,0,12,0.02169417031109333,12,29,3,0.0005923968856222928,0.056635099463164806,20014_0_servo.npz
20014,True,action,True,True,True,0,12,0.06880619376897812,12,32,3,0.0005919160903431475,0.07609515450894833,20014_1_action.npz
20014,True,cv,True,True,True,0,11,0.26255542039871216,12,32,3,0.0005913864588364959,0.04889748524874449,20014_1_cv.npz
20014,True,fast,True,True,True,0,11,0.257270485162735,12,30,3,0.0005912967026233673,0.04259248962625861,20014_1_fast.npz
20014,True,history,True,True,True,0,12,0.06393920630216599,12,31,3,0.0005917719099670649,0.07757938001304865,20014_1_history.npz
20014,True,servo,True,True,True,0,11,0.07440858334302902,12,31,3,0.0005981721333228052,0.04665525630116463,20014_1_servo.npz
20015,False,action,True,True,True,0,12,0.02396930567920208,12,30,3,0.0005918527022004128,0.07884344086050987,20015_0_action.npz
20015,False,cv,True,True,True,0,11,0.10693724453449249,12,30,3,0.0005920924595557153,0.04777917638421059,20015_0_cv.npz
20015,False,fast,True,True,True,0,12,0.036203112453222275,12,30,3,0.0005935076624155045,0.04267728654667735,20015_0_fast.npz
20015,False,history,True,True,True,0,12,0.02231631614267826,12,30,3,0.0005919717950746417,0.07634952198714018,20015_0_history.npz
20015,False,servo,True,True,True,0,11,0.10820754617452621,12,30,3,0.0005919626564718783,0.0494813546538353,20015_0_servo.npz
20015,True,action,True,True,True,0,11,0.2773043215274811,12,29,3,0.0005917824455536902,0.07645813748240471,20015_1_action.npz
20015,True,cv,True,True,True,0,11,0.020413866266608238,12,29,3,0.0005917991511523724,0.04977534990757704,20015_1_cv.npz
20015,True,fast,True,True,True,0,11,0.290305495262146,12,29,3,0.0005932423518970609,0.042348646093159914,20015_1_fast.npz
20015,True,history,True,True,True,0,11,0.2773043215274811,12,29,3,0.0005901160184293985,0.07813656702637672,20015_1_history.npz
20015,True,servo,True,True,True,0,12,0.06880409270524979,12,29,3,0.0005908423918299377,0.04552202299237251,20015_1_servo.npz
20016,False,action,True,True,True,0,11,0.04543859511613846,12,29,3,0.0005920998519286513,0.07387744262814522,20016_0_action.npz
20016,False,cv,True,True,True,0,11,0.04068632051348686,12,29,3,0.0005916653317399323,0.047547067515552044,20016_0_cv.npz
20016,False,fast,True,True,True,0,12,0.036484986543655396,12,29,3,0.0005941328126937151,0.04345594206824899,20016_0_fast.npz
20016,False,history,True,True,True,0,11,0.04543859511613846,12,29,3,0.0005920174298807979,0.0780473230406642,20016_0_history.npz
20016,False,servo,True,True,True,0,11,0.04128095135092735,12,29,3,0.000592305907048285,0.04560940433293581,20016_0_servo.npz
20016,True,action,True,True,True,0,11,0.263231486082077,12,35,3,0.0005854787304997444,0.07122133392840624,20016_1_action.npz
20016,True,cv,True,True,True,0,11,0.21705745160579681,12,33,3,0.0005876812501810491,0.0508779427036643,20016_1_cv.npz
20016,True,fast,True,True,True,0,11,0.27858272194862366,12,32,3,0.000596093013882637,0.041572004556655884,20016_1_fast.npz
20016,True,history,True,True,True,0,11,0.263231486082077,12,34,3,0.0005874128546565771,0.07774988189339638,20016_1_history.npz
20016,True,servo,True,True,True,0,17,0.1709478199481964,18,43,3,0.0005858511431142688,0.0472821993753314,20016_1_servo.npz
20017,False,action,True,True,True,0,12,0.023090066388249397,12,29,3,0.0005916915833950043,0.08218875154852867,20017_0_action.npz
20017,False,cv,True,True,True,0,11,0.021723730489611626,12,29,3,0.0005921635893173516,0.05779939237982035,20017_0_cv.npz
20017,False,fast,True,True,True,0,12,0.03739716857671738,12,30,3,0.0005942185525782406,0.04304868634790182,20017_0_fast.npz
20017,False,history,True,True,True,0,12,0.02239561825990677,12,29,3,0.0005919040995649993,0.07167856674641371,20017_0_history.npz
20017,False,servo,True,True,True,0,11,0.021005654707551003,12,29,3,0.000591642630752176,0.051143765449523926,20017_0_servo.npz
20017,True,action,True,True,True,0,11,0.18474751710891724,12,29,3,0.0005984965828247368,0.07131330203264952,20017_1_action.npz
20017,True,cv,True,True,True,0,11,0.1369590163230896,12,29,3,0.0005938273388892412,0.0484805554151535,20017_1_cv.npz
20017,True,fast,True,True,True,0,11,0.2916472554206848,12,29,3,0.0005979539128020406,0.04265831084921956,20017_1_fast.npz
20017,True,history,True,True,True,0,11,0.14346978068351746,12,29,3,0.0005989512428641319,0.07352593820542097,20017_1_history.npz
20017,True,servo,True,True,True,0,17,0.2494582086801529,18,35,3,0.0005996306426823139,0.05172987002879381,20017_1_servo.npz
20018,False,action,True,True,True,0,12,0.023370595648884773,12,29,3,0.0005917537491768599,0.07145882118493319,20018_0_action.npz
20018,False,cv,True,True,True,0,12,0.02310313656926155,12,29,3,0.0005921428091824055,0.0472822692245245,20018_0_cv.npz
20018,False,fast,True,True,True,0,12,0.038026999682188034,12,29,3,0.0005949135520495474,0.04661312559619546,20018_0_fast.npz
20018,False,history,True,True,True,0,12,0.02340039424598217,12,29,3,0.0005921845440752804,0.07244874723255634,20018_0_history.npz
20018,False,servo,True,True,True,0,12,0.023074408993124962,12,29,3,0.0005918411770835519,0.05342443473637104,20018_0_servo.npz
20018,True,action,True,True,True,0,11,0.23314408957958221,12,32,3,0.0005948367761448026,0.07515167817473412,20018_1_action.npz
20018,True,cv,True,True,True,0,11,0.2232719212770462,12,32,3,0.0005943116848357022,0.048688752576708794,20018_1_cv.npz
20018,True,fast,True,True,True,0,11,0.29040130972862244,12,29,3,0.0005990967620164156,0.044113630428910255,20018_1_fast.npz
20018,True,history,True,True,True,0,11,0.23314408957958221,12,32,3,0.0005995419342070818,0.07942165248095989,20018_1_history.npz
20018,True,servo,True,True,True,0,16,0.0618482306599617,16,35,3,0.0005992770893499255,0.04628198221325874,20018_1_servo.npz
20019,False,action,True,True,True,0,12,0.025636643171310425,12,29,3,0.0005920915282331407,0.08197403512895107,20019_0_action.npz
20019,False,cv,True,True,True,0,12,0.025636643171310425,12,29,3,0.0005920915282331407,0.04772681277245283,20019_0_cv.npz
20019,False,fast,True,True,True,0,12,0.02391151711344719,12,29,3,0.0005912613705731928,0.041022500954568386,20019_0_fast.npz
20019,False,history,True,True,True,0,12,0.025636643171310425,12,29,3,0.0005918943788856268,0.07660123519599438,20019_0_history.npz
20019,False,servo,True,True,True,0,12,0.02549031749367714,12,29,3,0.0005919253453612328,0.049779913388192654,20019_0_servo.npz
20019,True,action,True,True,True,0,11,0.25512492656707764,12,31,3,0.0005969780613668263,0.07979799993336201,20019_1_action.npz
20019,True,cv,True,True,True,0,11,0.1760314553976059,12,31,3,0.0005922854179516435,0.046980963088572025,20019_1_cv.npz
20019,True,fast,True,True,True,0,11,0.29637789726257324,12,29,3,0.0005927144666202366,0.04157720832154155,20019_1_fast.npz
20019,True,history,True,True,True,0,11,0.25512492656707764,12,31,3,0.0005975382518954575,0.08057935629040003,20019_1_history.npz
20019,True,servo,True,True,True,0,12,0.06192035973072052,12,30,3,0.0005981730064377189,0.048844097182154655,20019_1_servo.npz
20020,False,action,True,True,True,0,12,0.02325429767370224,12,29,3,0.000592232623603195,0.07667867466807365,20020_0_action.npz
20020,False,cv,True,True,True,0,12,0.022987497970461845,12,29,3,0.0005925590521655977,0.05127058830112219,20020_0_cv.npz
20020,False,fast,True,True,True,0,12,0.038477424532175064,12,29,3,0.0005934033542871475,0.04278429551050067,20020_0_fast.npz
20020,False,history,True,True,True,0,12,0.02325429767370224,12,29,3,0.0005921369302086532,0.07784848567098379,20020_0_history.npz
20020,False,servo,True,True,True,0,12,0.02303687110543251,12,29,3,0.0005917706293985248,0.04870062693953514,20020_0_servo.npz
20020,True,action,True,True,True,0,11,0.21708278357982635,12,33,3,0.000594564073253423,0.07895722519606352,20020_1_action.npz
20020,True,cv,True,True,True,0,11,0.287329763174057,12,34,3,0.0005916949594393373,0.04867902025580406,20020_1_cv.npz
20020,True,fast,True,True,True,0,11,0.2449767291545868,12,31,3,0.0005946260062046349,0.04262021975591779,20020_1_fast.npz
20020,True,history,True,True,True,0,11,0.21605603396892548,12,32,3,0.0005953204818069935,0.0869107898324728,20020_1_history.npz
20020,True,servo,True,True,True,0,11,0.11901728808879852,12,32,3,0.0005970218335278332,0.047763483598828316,20020_1_servo.npz
20021,False,action,True,True,True,0,11,0.09347683191299438,12,29,3,0.0005919010145589709,0.07395725697278976,20021_0_action.npz
20021,False,cv,True,True,True,0,12,0.02484489046037197,12,29,3,0.0005919442046433687,0.05441945977509022,20021_0_cv.npz
20021,False,fast,True,True,True,0,12,0.03946370631456375,12,29,3,0.000594071694649756,0.04115854389965534,20021_0_fast.npz
20021,False,history,True,True,True,0,11,0.09347683191299438,12,29,3,0.0005918766837567091,0.07295391988009214,20021_0_history.npz
20021,False,servo,True,True,True,0,12,0.024742813780903816,12,29,3,0.0005919515970163047,0.04680424463003874,20021_0_servo.npz
20021,True,action,True,True,True,0,12,0.06558340787887573,12,31,3,0.0005971137434244156,0.07612761110067368,20021_1_action.npz
20021,True,cv,True,True,True,0,11,0.24480187892913818,12,32,3,0.0005910592735745013,0.05376259796321392,20021_1_cv.npz
20021,True,fast,True,True,True,0,11,0.27198392152786255,12,29,3,0.0005920591065660119,0.042250100523233414,20021_1_fast.npz
20021,True,history,True,True,True,0,12,0.062772236764431,12,30,3,0.0005940216360613704,0.08314712904393673,20021_1_history.npz
20021,True,servo,True,True,True,0,11,0.18432538211345673,12,30,3,0.0005913765635341406,0.04732632078230381,20021_1_servo.npz
20022,False,action,True,True,True,0,12,0.023955466225743294,12,29,3,0.0005918479873798788,0.08341202046722174,20022_0_action.npz
20022,False,cv,True,True,True,0,11,0.07506615668535233,12,29,3,0.0005913563654758036,0.04987905267626047,20022_0_cv.npz
20022,False,fast,True,True,True,0,12,0.03745651617646217,12,30,3,0.000593553006183356,0.04195350920781493,20022_0_fast.npz
20022,False,history,True,True,True,0,12,0.023955466225743294,12,29,3,0.0005917344824410975,0.07448799442499876,20022_0_history.npz
20022,False,servo,True,True,True,0,11,0.07536829262971878,12,29,3,0.0005921465926803648,0.05738157778978348,20022_0_servo.npz
20022,True,action,True,True,True,0,11,0.1895734816789627,12,34,3,0.0005972989019937813,0.07232094649225473,20022_1_action.npz
20022,True,cv,True,True,True,0,11,0.2977350652217865,12,35,3,0.0005915368674322963,0.04774089902639389,20022_1_cv.npz
20022,True,fast,True,True,True,0,11,0.27133986353874207,12,32,3,0.0005918692331761122,0.04581895191222429,20022_1_fast.npz
20022,True,history,True,True,True,0,11,0.1895734816789627,12,34,3,0.0005979073466733098,0.07364964112639427,20022_1_history.npz
20022,True,servo,True,True,True,0,11,0.1364784687757492,12,33,3,0.0005991829675622284,0.05180577281862497,20022_1_servo.npz
20023,False,action,True,True,True,0,12,0.024267084896564484,12,30,3,0.0005920515977777541,0.07814979180693626,20023_0_action.npz
20023,False,cv,True,True,True,0,11,0.09610296040773392,12,30,3,0.0005916955997236073,0.04800125025212765,20023_0_cv.npz
20023,False,fast,True,True,True,0,12,0.034111086279153824,12,30,3,0.0005940145929343998,0.043998146429657936,20023_0_fast.npz
20023,False,history,True,True,True,0,12,0.024267084896564484,12,30,3,0.0005920515977777541,0.07565391715615988,20023_0_history.npz
20023,False,servo,True,True,True,0,11,0.09703069180250168,12,30,3,0.0005921057309024036,0.04942817613482475,20023_0_servo.npz
20023,True,action,True,True,True,0,11,0.22286981344223022,12,29,3,0.0005891828914172947,0.07813009433448315,20023_1_action.npz
20023,True,cv,True,True,True,0,11,0.2751453220844269,12,29,3,0.0005913277855142951,0.04755223635584116,20023_1_cv.npz
20023,True,fast,True,True,True,0,11,0.2031860053539276,12,29,3,0.0005907157901674509,0.041976047214120626,20023_1_fast.npz
20023,True,history,True,True,True,0,11,0.09798888117074966,12,29,3,0.0005966578610241413,0.0784178264439106,20023_1_history.npz
20023,True,servo,True,True,True,0,15,0.003900123992934823,16,33,3,0.0005920688272453845,0.04832404665648937,20023_1_servo.npz
