run,seed,condition,route,native_success,final_xy_error_m,cube_x_progress_m,first_success_s,mean_latency_ms,mean_prediction_error_m
eval1,42000,nominal,feedback,True,0.04131261259317398,0.15868771076202393,1.5,0.04162892699241638,
eval1,42000,nominal,frozen,False,0.13160660862922668,0.06908152252435684,,1.037285178899765,
eval1,42000,nominal,replan1,False,0.18404854834079742,0.015995599329471588,,0.9906226769089699,
eval1,42000,nominal,updated,False,0.13000674545764923,0.07435979694128036,,1.0668573155999184,
eval1,42000,nominal,predictive,False,0.20066305994987488,-0.0006624087691307068,,1.257174238562584,0.0076386610872577875
eval1,42000,nominal,prediction_feedback,False,0.20029637217521667,-0.0002962872385978699,,1.2120586261153221,0.018045741878449918
eval1,42000,low_friction,feedback,True,0.0019211460603401065,0.1986466944217682,1.4500000000000002,0.047992318868637085,
eval1,42000,low_friction,frozen,False,0.12370666116476059,0.0780596137046814,,1.039135493338108,
eval1,42000,low_friction,replan1,False,0.1274726837873459,0.0728764683008194,,0.9902360290288925,
eval1,42000,low_friction,updated,True,0.09670914709568024,0.1806718409061432,2.5,1.0266021266579628,
eval1,42000,low_friction,predictive,True,0.08350725471973419,0.11653521656990051,2.15,1.2122663110494614,0.0033364236343186348
eval1,42000,low_friction,prediction_feedback,True,0.08525969088077545,0.11570797860622406,2.15,1.2578662112355232,0.010427740830928088
eval1,42001,nominal,feedback,True,0.04127651825547218,0.15872471034526825,1.3,0.043425969779491425,
eval1,42001,nominal,frozen,False,0.19508160650730133,0.006071463227272034,,1.07052531093359,
eval1,42001,nominal,replan1,False,0.16799437999725342,0.03607990965247154,,1.0158827900886536,
eval1,42001,nominal,updated,False,0.18784944713115692,0.013340089470148087,,1.0229602083563805,
eval1,42001,nominal,predictive,False,0.10752322524785995,0.09763722121715546,,1.226491630077362,0.003956153649487533
eval1,42001,nominal,prediction_feedback,False,0.11288415640592575,0.09173634648323059,,1.270533874630928,0.007932804003357887
eval1,42001,low_friction,feedback,True,0.0174957774579525,0.18269309401512146,1.3,0.041948892176151276,
eval1,42001,low_friction,frozen,False,0.1516408771276474,0.05293477699160576,,1.1322017014026642,
eval1,42001,low_friction,replan1,False,0.19455039501190186,0.037526700645685196,,0.9577922150492668,
eval1,42001,low_friction,updated,False,0.18740883469581604,0.015363514423370361,,0.9766460210084915,
eval1,42001,low_friction,predictive,False,0.13593162596225739,0.10139807313680649,,1.211388073861599,0.005657379974727519
eval1,42001,low_friction,prediction_feedback,False,0.1345643252134323,0.10016544163227081,,1.168026365339756,0.0050839753076434135
eval1,42002,nominal,feedback,True,0.046049509197473526,0.15405625104904175,1.3,0.0434422492980957,
eval1,42002,nominal,frozen,True,0.04500104859471321,0.15499934554100037,1.3,1.0073067620396614,
eval1,42002,nominal,replan1,True,0.04467861354351044,0.15534552931785583,1.35,0.9457932598888874,
eval1,42002,nominal,updated,True,0.044653233140707016,0.1553599238395691,1.35,0.9793197736144066,
eval1,42002,nominal,predictive,False,0.1483573615550995,0.05166645348072052,,1.1885560303926468,0.004391956019680947
eval1,42002,nominal,prediction_feedback,False,0.13680019974708557,0.06353908777236938,,1.173442080616951,0.015715018841437996
eval1,42002,low_friction,feedback,True,0.004892020020633936,0.19551891088485718,1.05,0.04128430038690567,
eval1,42002,low_friction,frozen,True,0.03353041410446167,0.16654300689697266,1.3,1.0010704025626183,
eval1,42002,low_friction,replan1,True,0.04561523720622063,0.15836375951766968,1.4500000000000002,0.9857140481472015,
eval1,42002,low_friction,updated,True,0.020447054877877235,0.1795593798160553,1.3,0.9641945734620094,
eval1,42002,low_friction,predictive,False,0.11827880144119263,0.0841897502541542,,1.1683382838964462,0.004738824001979083
eval1,42002,low_friction,prediction_feedback,False,0.12426728755235672,0.07718759030103683,,1.1600476503372192,0.003982928884215653
eval1,42003,nominal,feedback,True,0.041299548000097275,0.15870100259780884,1.3,0.038235485553741455,
eval1,42003,nominal,frozen,True,0.02710587903857231,0.17290860414505005,1.4000000000000001,0.9925013035535812,
eval1,42003,nominal,replan1,False,0.19903500378131866,0.000987458974123001,,0.9357378073036671,
eval1,42003,nominal,updated,True,0.029840800911188126,0.17015928030014038,1.4000000000000001,0.9799673780798912,
eval1,42003,nominal,predictive,False,0.16438338160514832,0.03562700003385544,,1.1803915724158287,0.0034764424967579544
eval1,42003,nominal,prediction_feedback,False,0.1903916597366333,0.00962480902671814,,1.2034548819065094,0.010623724041506648
eval1,42003,low_friction,feedback,True,0.016543151810765266,0.21355530619621277,1.3,0.04712287336587906,
eval1,42003,low_friction,frozen,True,0.025890255346894264,0.1741243302822113,1.4000000000000001,0.9694891422986984,
eval1,42003,low_friction,replan1,False,0.1398492306470871,0.06057419627904892,,0.9451887011528015,
eval1,42003,low_friction,updated,True,0.028473632410168648,0.1717730462551117,1.4000000000000001,0.9960062801837921,
eval1,42003,low_friction,predictive,False,0.11272256076335907,0.08771268278360367,,1.1456530168652534,0.0032272317935712635
eval1,42003,low_friction,prediction_feedback,False,0.11842763423919678,0.0823773592710495,,1.1642645299434662,0.006510581113398075
eval1,42004,nominal,feedback,True,0.04123928025364876,0.1587667465209961,1.4000000000000001,0.04267580807209015,
eval1,42004,nominal,frozen,False,0.17989224195480347,0.020174294710159302,,0.9865076839923859,
eval1,42004,nominal,replan1,False,0.15851624310016632,0.04342042654752731,,0.9391765668988228,
eval1,42004,nominal,updated,True,0.04107049107551575,0.15917524695396423,1.4000000000000001,1.0291358828544617,
eval1,42004,nominal,predictive,False,0.2024218738079071,-0.002421863377094269,,1.2078125402331352,0.007016142782522366
eval1,42004,nominal,prediction_feedback,False,0.1982087641954422,0.0019150972366333008,,1.1917177587747574,0.008364720069803298
eval1,42004,low_friction,feedback,True,0.008418485522270203,0.19283771514892578,1.4000000000000001,0.040834397077560425,
eval1,42004,low_friction,frozen,False,0.14660537242889404,0.0534379705786705,,0.9804177284240723,
eval1,42004,low_friction,replan1,False,0.1281980276107788,0.09302958101034164,,0.9493638761341572,
eval1,42004,low_friction,updated,True,0.04080174118280411,0.15920910239219666,1.4000000000000001,0.9862121567130089,
eval1,42004,low_friction,predictive,True,0.09560592472553253,0.10582183301448822,2.35,1.1532143875956535,0.0034892950288485736
eval1,42004,low_friction,prediction_feedback,True,0.09698367118835449,0.10485263913869858,2.4000000000000004,1.1479025706648827,0.0053834722936153415
eval1,42005,nominal,feedback,True,0.04128255322575569,0.15871748328208923,1.3,0.04014056175947189,
eval1,42005,nominal,frozen,True,0.03893681615591049,0.16108718514442444,1.35,1.0189436748623848,
eval1,42005,nominal,replan1,True,0.03887558355927467,0.16113480925559998,1.4000000000000001,0.9588810428977013,
eval1,42005,nominal,updated,True,0.03733936324715614,0.1626676321029663,1.3,0.9711487218737602,
eval1,42005,nominal,predictive,False,0.20169058442115784,-0.0016904398798942566,,1.1539459228515625,0.003966387525433674
eval1,42005,nominal,prediction_feedback,False,0.2008516490459442,-0.0008508972823619843,,1.2191565707325935,0.0148963809851557
eval1,42005,low_friction,feedback,True,0.002601366490125656,0.1995270550251007,1.3,0.03975100815296173,
eval1,42005,low_friction,frozen,True,0.04651184007525444,0.15358328819274902,1.35,0.9709377214312553,
eval1,42005,low_friction,replan1,True,0.011105758138000965,0.19154036045074463,1.35,0.9355438500642776,
eval1,42005,low_friction,updated,True,0.037566300481557846,0.16248419880867004,1.3,1.0006814450025558,
eval1,42005,low_friction,predictive,False,0.13537675142288208,0.06465072929859161,,1.1771880462765694,0.00463950154487975
eval1,42005,low_friction,prediction_feedback,False,0.13811999559402466,0.06188191473484039,,1.2190133333206177,0.009333586245775223
eval1,42006,nominal,feedback,True,0.041047852486371994,0.15899407863616943,1.3,0.040474869310855865,
eval1,42006,nominal,frozen,True,0.04141250625252724,0.15891289710998535,1.35,0.973692424595356,
eval1,42006,nominal,replan1,True,0.04359077289700508,0.15759816765785217,1.35,0.9548595547676086,
eval1,42006,nominal,updated,True,0.04204672574996948,0.1579686403274536,1.35,0.9786008298397064,
eval1,42006,nominal,predictive,False,0.1231168583035469,0.10150191932916641,,1.187424696981907,0.0029913452884647996
eval1,42006,nominal,prediction_feedback,False,0.12188153713941574,0.10023026913404465,,1.1537505686283112,0.0059209281159564855
eval1,42006,low_friction,feedback,True,0.003730802098289132,0.19635096192359924,1.3,0.04173401743173599,
eval1,42006,low_friction,frozen,True,0.018822994083166122,0.19482097029685974,1.3,0.9858592972159386,
eval1,42006,low_friction,replan1,True,0.02967372164130211,0.1734168827533722,1.3,0.9634006768465042,
eval1,42006,low_friction,updated,True,0.01648131012916565,0.1838873028755188,1.3,0.9979943931102753,
eval1,42006,low_friction,predictive,False,0.16922931373119354,0.08620472997426987,,1.1415937170386314,0.0058548440446611495
eval1,42006,low_friction,prediction_feedback,False,0.17740000784397125,0.07248835265636444,,1.1408266425132751,0.004554062369279564
eval1,42007,nominal,feedback,True,0.061457548290491104,0.13855189085006714,1.3,0.045831091701984406,
eval1,42007,nominal,frozen,True,0.0566721186041832,0.14469334483146667,1.3,1.0004917904734612,
eval1,42007,nominal,replan1,True,0.056093718856573105,0.14391151070594788,1.3,0.9450690634548664,
eval1,42007,nominal,updated,True,0.05546199902892113,0.1445809304714203,1.3,0.9666202217340469,
eval1,42007,nominal,predictive,False,0.20196688175201416,-0.001966506242752075,,1.1501291766762733,0.0036194415536010636
eval1,42007,nominal,prediction_feedback,False,0.20196688175201416,-0.001966506242752075,,1.169775165617466,0.005880420834291727
eval1,42007,low_friction,feedback,True,0.025916418060660362,0.17424839735031128,1.3,0.049067847430706024,
eval1,42007,low_friction,frozen,True,0.032377809286117554,0.16820138692855835,1.3,0.9976639971137047,
eval1,42007,low_friction,replan1,True,0.020312240347266197,0.18531328439712524,1.3,0.9359527565538883,
eval1,42007,low_friction,updated,True,0.009014665149152279,0.19098645448684692,1.3,0.9646917134523392,
eval1,42007,low_friction,predictive,False,0.17430059611797333,0.05690281093120575,,1.1754205077886581,0.005798938691732473
eval1,42007,low_friction,prediction_feedback,False,0.17466984689235687,0.07494928687810898,,1.1778614297509193,0.005047564415726811
eval1,42008,nominal,feedback,True,0.04124482721090317,0.15875521302223206,1.3,0.044663846492767334,
eval1,42008,nominal,frozen,False,0.1777443140745163,0.0367584303021431,,0.9914567321538925,
eval1,42008,nominal,replan1,False,0.1715906709432602,0.032625287771224976,,0.953577309846878,
eval1,42008,nominal,updated,False,0.19436821341514587,0.012438623234629631,,0.9721020609140396,
eval1,42008,nominal,predictive,False,0.23610518872737885,-0.03580087795853615,,1.2328460440039635,0.007590912056621164
eval1,42008,nominal,prediction_feedback,False,0.20210137963294983,-0.002097293734550476,,1.1576303094625473,0.012087454563006758
eval1,42008,low_friction,feedback,True,0.009813833050429821,0.19027796387672424,1.3,0.03804173320531845,
eval1,42008,low_friction,frozen,False,0.21749386191368103,0.06140291690826416,,1.0026359558105469,
eval1,42008,low_friction,replan1,False,0.2053525596857071,0.034953463822603226,,0.9347102232277393,
eval1,42008,low_friction,updated,False,0.1484629362821579,0.06533676385879517,,0.9757115319371223,
eval1,42008,low_friction,predictive,False,0.13312378525733948,0.10866451263427734,,1.1846107989549637,0.005345083307474852
eval1,42008,low_friction,prediction_feedback,False,0.13394254446029663,0.11677150428295135,,1.1729063093662262,0.015085819261148572
eval1,42009,nominal,feedback,True,0.08543027937412262,0.11457019299268723,1.3,0.03937430679798126,
eval1,42009,nominal,frozen,True,0.0674448236823082,0.13255709409713745,1.35,0.9775994345545769,
eval1,42009,nominal,replan1,True,0.07068228721618652,0.1293177306652069,1.35,0.9688596613705158,
eval1,42009,nominal,updated,True,0.0735238716006279,0.12647908926010132,1.35,0.9745168313384056,
eval1,42009,nominal,predictive,False,0.1833716481924057,0.016752727329730988,,1.163199469447136,0.004515796738560312
eval1,42009,nominal,prediction_feedback,False,0.19975170493125916,0.0002486482262611389,,1.1449992284178734,0.013219732022844256
eval1,42009,low_friction,feedback,True,0.02170613780617714,0.1787012815475464,1.25,0.041787587106227875,
eval1,42009,low_friction,frozen,True,0.028196783736348152,0.172332763671875,1.35,0.9781723842024803,
eval1,42009,low_friction,replan1,True,0.05730327591300011,0.1427004039287567,1.3,0.9466592222452164,
eval1,42009,low_friction,updated,True,0.03617282584309578,0.1646590232849121,1.35,0.976056382060051,
eval1,42009,low_friction,predictive,False,0.13876481354236603,0.06257427483797073,,1.1411325260996819,0.004119579686666839
eval1,42009,low_friction,prediction_feedback,False,0.14331254363059998,0.057256586849689484,,1.2531120330095291,0.006221490679308772
eval1,42010,nominal,feedback,True,0.041283223778009415,0.15872474014759064,1.3,0.039301663637161255,
eval1,42010,nominal,frozen,True,0.023544762283563614,0.1765027493238449,1.35,0.9819748625159264,
eval1,42010,nominal,replan1,False,0.20283754169940948,-0.0019741517025977373,,0.938627365976572,
eval1,42010,nominal,updated,True,0.02802586928009987,0.1720844954252243,1.35,0.9971008077263832,
eval1,42010,nominal,predictive,True,0.09403153508901596,0.11832118034362793,2.1,1.1472364515066147,0.0030399268039036542
eval1,42010,nominal,prediction_feedback,False,0.11138854920864105,0.09818361699581146,,1.1634314060211182,0.007534073517890647
eval1,42010,low_friction,feedback,True,0.005098767578601837,0.19495375454425812,1.3,0.04208419471979141,
eval1,42010,low_friction,frozen,True,0.026305902749300003,0.17424188554286957,1.35,0.971587784588337,
eval1,42010,low_friction,replan1,False,0.16198506951332092,0.04261124134063721,,0.9470752440392971,
eval1,42010,low_friction,updated,True,0.027127200737595558,0.1737166792154312,1.3,1.0302404686808586,
eval1,42010,low_friction,predictive,False,0.12920761108398438,0.10715581476688385,,1.167626529932022,0.005900607086950913
eval1,42010,low_friction,prediction_feedback,False,0.13152185082435608,0.10766573250293732,,1.20844267308712,0.008323086817981676
eval1,42011,nominal,feedback,True,0.04130203276872635,0.15870365500450134,1.3,0.04183728247880936,
eval1,42011,nominal,frozen,True,0.02085357904434204,0.17918571829795837,1.4000000000000001,0.9761570766568184,
eval1,42011,nominal,replan1,False,0.19085092842578888,0.009798958897590637,,0.9393622167408466,
eval1,42011,nominal,updated,True,0.02347746677696705,0.17652267217636108,1.35,1.014251559972763,
eval1,42011,nominal,predictive,False,0.19048567116260529,0.009580262005329132,,1.1565755680203438,0.0030631754803471267
eval1,42011,nominal,prediction_feedback,False,0.16544222831726074,0.034558042883872986,,1.1460252478718758,0.01889070519246161
eval1,42011,low_friction,feedback,True,0.007272056303918362,0.20004817843437195,1.3,0.04208095371723175,
eval1,42011,low_friction,frozen,True,0.024288885295391083,0.17581269145011902,1.35,1.051662489771843,
eval1,42011,low_friction,replan1,False,0.19362874329090118,0.010118480771780014,,0.9534105658531189,
eval1,42011,low_friction,updated,True,0.02644648402929306,0.175091952085495,1.35,0.979655496776104,
eval1,42011,low_friction,predictive,False,0.11914883553981781,0.08090198040008545,,1.1479229107499123,0.004344198321923613
eval1,42011,low_friction,prediction_feedback,False,0.11473087221384048,0.08527573943138123,,1.1550305038690567,0.012150502325966954
eval1,42012,nominal,feedback,True,0.041330188512802124,0.15867111086845398,1.3,0.0385892391204834,
eval1,42012,nominal,frozen,True,0.03452422097325325,0.16591772437095642,1.4000000000000001,1.0009942576289177,
eval1,42012,nominal,replan1,False,0.1981094479560852,0.0020310543477535248,,0.9380827099084854,
eval1,42012,nominal,updated,True,0.036114659160375595,0.16406238079071045,1.35,0.9983499348163605,
eval1,42012,nominal,predictive,False,0.20186646282672882,-0.0018664603121578693,,1.2059248611330986,0.004855555632384494
eval1,42012,nominal,prediction_feedback,False,0.1838592141866684,0.01614089496433735,,1.1802111938595772,0.008369592437520623
eval1,42012,low_friction,feedback,True,0.014746597036719322,0.18980389833450317,1.3,0.04048887640237808,
eval1,42012,low_friction,frozen,True,0.042101647704839706,0.15794146060943604,1.35,0.9775692597031593,
eval1,42012,low_friction,replan1,False,0.19151923060417175,0.008555331267416477,,0.9530622325837612,
eval1,42012,low_friction,updated,True,0.03526873141527176,0.16485679149627686,1.35,1.0101484134793282,
eval1,42012,low_friction,predictive,False,0.12487982213497162,0.07796982675790787,,1.1583465337753296,0.00425594253349118
eval1,42012,low_friction,prediction_feedback,True,0.09748388081789017,0.10312477499246597,1.5,1.1756106838583946,0.005933111733756959
eval1,42013,nominal,feedback,True,0.04129188880324364,0.1587127149105072,1.3,0.04350781440734863,
eval1,42013,nominal,frozen,True,0.0240765493363142,0.17594009637832642,1.35,0.9885033965110779,
eval1,42013,nominal,replan1,True,0.027068035677075386,0.17343413829803467,1.35,0.9613279066979885,
eval1,42013,nominal,updated,True,0.022824252024292946,0.17721810936927795,1.35,0.9746435657143593,
eval1,42013,nominal,predictive,False,0.11902451515197754,0.09803204983472824,,1.1583684757351875,0.0037195837695617228
eval1,42013,nominal,prediction_feedback,False,0.12980607151985168,0.08029209822416306,,1.1486414819955826,0.006128377607092261
eval1,42013,low_friction,feedback,True,0.005779638420790434,0.19513365626335144,1.3,0.04179198294878006,
eval1,42013,low_friction,frozen,True,0.02832571044564247,0.17379456758499146,1.35,0.9794320166110992,
eval1,42013,low_friction,replan1,True,0.06448438763618469,0.1358090341091156,1.35,0.943598672747612,
eval1,42013,low_friction,updated,True,0.021904541179537773,0.17853030562400818,1.35,0.971478670835495,
eval1,42013,low_friction,predictive,False,0.13655708730220795,0.10059244185686111,,1.1725125461816788,0.004944858922390267
eval1,42013,low_friction,prediction_feedback,False,0.14837126433849335,0.09258336573839188,,1.2059807032346725,0.00658776119351387
eval1,42014,nominal,feedback,True,0.04129406437277794,0.15870749950408936,1.3,0.050191730260849,
eval1,42014,nominal,frozen,True,0.03330263867974281,0.16743075847625732,1.35,0.9869329631328583,
eval1,42014,nominal,replan1,False,0.1935141682624817,0.006670765578746796,,0.9311818331480026,
eval1,42014,nominal,updated,True,0.02876000665128231,0.1714584231376648,1.35,0.986730232834816,
eval1,42014,nominal,predictive,False,0.1998833268880844,0.00011698156595230103,,1.1482089385390282,0.0038341510272584855
eval1,42014,nominal,prediction_feedback,False,0.19804833829402924,0.0019593574106693268,,1.1545689031481743,0.009226306439377368
eval1,42014,low_friction,feedback,True,0.007295519113540649,0.20623070001602173,1.3,0.04135582596063614,
eval1,42014,low_friction,frozen,True,0.03187622129917145,0.16924679279327393,1.35,0.9760083630681038,
eval1,42014,low_friction,replan1,False,0.15180222690105438,0.048916175961494446,,0.9525217674672604,
eval1,42014,low_friction,updated,True,0.024476172402501106,0.17588487267494202,1.35,1.032131239771843,
eval1,42014,low_friction,predictive,False,0.12936913967132568,0.07243576645851135,,1.1919066309928894,0.00424593330360949
eval1,42014,low_friction,prediction_feedback,False,0.11635371297597885,0.08564106374979019,,1.2216876447200775,0.00912802888546139
eval1,42015,nominal,feedback,True,0.041321154683828354,0.15868520736694336,1.25,0.04028934985399246,
eval1,42015,nominal,frozen,False,0.1721724271774292,0.02927018143236637,,0.9775929898023605,
eval1,42015,nominal,replan1,False,0.130111962556839,0.070107601583004,,0.9343324974179268,
eval1,42015,nominal,updated,False,0.18546362221240997,0.015994850546121597,,0.9901298210024834,
eval1,42015,nominal,predictive,False,0.20033463835716248,-0.00033392757177352905,,1.1549780145287514,0.006161950071109459
eval1,42015,nominal,prediction_feedback,False,0.20268073678016663,-0.0026807263493537903,,1.1584112793207169,0.01982838719151914
eval1,42015,low_friction,feedback,True,0.014639184810221195,0.1870518922805786,1.25,0.039344169199466705,
eval1,42015,low_friction,frozen,False,0.130031555891037,0.08149101585149765,,0.9786538034677505,
eval1,42015,low_friction,replan1,False,0.13656333088874817,0.11156290769577026,,0.959329828619957,
eval1,42015,low_friction,updated,False,0.13909386098384857,0.06130923703312874,,0.9697062149643898,
eval1,42015,low_friction,predictive,True,0.09521625936031342,0.10503409802913666,2.4000000000000004,1.1342930421233177,0.0037359155516605825
eval1,42015,low_friction,prediction_feedback,True,0.09992320835590363,0.1000768393278122,2.5,1.1524181067943573,0.012985445102676749
eval2,42016,nominal,feedback,True,0.07491330802440643,0.12508735060691833,1.3,0.051124878227710724,
eval2,42016,nominal,frozen,True,0.056780628859996796,0.1433376669883728,1.3,1.0184481739997864,
eval2,42016,nominal,replan1,True,0.06416483968496323,0.13586285710334778,1.35,0.9677694551646709,
eval2,42016,nominal,updated,True,0.059880953282117844,0.14023324847221375,1.3,0.9811569377779961,
eval2,42016,nominal,predictive,False,0.20082540810108185,-0.0008252710103988647,,1.1725718900561333,0.003151674755499698
eval2,42016,nominal,prediction_feedback,False,0.2014206051826477,-0.0014204904437065125,,1.1702296882867813,0.007348659748677164
eval2,42016,nominal,contact_gated,True,0.05969583988189697,0.14030930399894714,1.25,1.146489791572094,0.002098487500916235
eval2,42016,nominal,contact_gated_feedback,True,0.06346600502729416,0.13662675023078918,1.25,1.1456403881311417,0.0057034544472116975
eval2,42016,low_friction,feedback,True,0.03738139569759369,0.16262507438659668,1.25,0.04128292202949524,
eval2,42016,low_friction,frozen,True,0.01942957565188408,0.18057101964950562,1.3,1.0115018859505653,
eval2,42016,low_friction,replan1,True,0.07278494536876678,0.27177542448043823,1.3,0.9674059227108955,
eval2,42016,low_friction,updated,True,0.0270728450268507,0.17343461513519287,1.3,0.967632532119751,
eval2,42016,low_friction,predictive,False,0.12591932713985443,0.07408995181322098,,1.1903421208262444,0.005416331575252116
eval2,42016,low_friction,prediction_feedback,False,0.13609084486961365,0.06400769203901291,,1.1968162655830383,0.004617772644851356
eval2,42016,low_friction,contact_gated,True,0.021310068666934967,0.2213100790977478,1.25,1.1322817951440811,0.0032067252992419525
eval2,42016,low_friction,contact_gated_feedback,False,0.10108248144388199,0.29662612080574036,1.2000000000000002,1.1443693935871124,0.01380002212827094
eval2,42017,nominal,feedback,True,0.07400564104318619,0.12600260972976685,1.3,0.040932781994342804,
eval2,42017,nominal,frozen,True,0.06463513523340225,0.13589298725128174,1.35,0.9914928302168846,
eval2,42017,nominal,replan1,True,0.06213851645588875,0.13846731185913086,1.35,0.952830333262682,
eval2,42017,nominal,updated,True,0.0657622441649437,0.13448500633239746,1.3,1.0189122706651688,
eval2,42017,nominal,predictive,False,0.14310859143733978,0.084158755838871,,1.1587061360478401,0.004319387302966788
eval2,42017,nominal,prediction_feedback,False,0.13932238519191742,0.08662810176610947,,1.1624356731772423,0.006669943016022444
eval2,42017,nominal,contact_gated,True,0.059261031448841095,0.1418878734111786,1.25,1.1702634394168854,0.002629847838665898
eval2,42017,nominal,contact_gated_feedback,True,0.06269165128469467,0.13755550980567932,1.25,1.1533914133906364,0.00412858874800517
eval2,42017,low_friction,feedback,True,0.03339121490716934,0.1686115264892578,1.25,0.04158545285463333,
eval2,42017,low_friction,frozen,True,0.0507807582616806,0.15112027525901794,1.3,0.9791266545653343,
eval2,42017,low_friction,replan1,True,0.03800681605935097,0.16675987839698792,1.3,0.9484440460801125,
eval2,42017,low_friction,updated,True,0.015041590668261051,0.20803147554397583,1.3,0.9790540114045143,
eval2,42017,low_friction,predictive,False,0.19478805363178253,0.05130297690629959,,1.2370578199625015,0.006397004245081916
eval2,42017,low_friction,prediction_feedback,False,0.19528807699680328,0.06255216151475906,,1.221952699124813,0.00791815623641014
eval2,42017,low_friction,contact_gated,True,0.02280367538332939,0.17757698893547058,1.25,1.1353431642055511,0.002399715993210281
eval2,42017,low_friction,contact_gated_feedback,True,0.02779017575085163,0.1725282073020935,1.25,1.1349139362573624,0.005127735659602638
eval2,42018,nominal,feedback,True,0.04129651188850403,0.15870487689971924,1.3,0.04258856177330017,
eval2,42018,nominal,frozen,True,0.030842924490571022,0.16934549808502197,1.4000000000000001,0.9745142608880997,
eval2,42018,nominal,replan1,False,0.1490182876586914,0.054852455854415894,,0.9520369954407215,
eval2,42018,nominal,updated,True,0.03292486071586609,0.167089581489563,1.35,0.9860106557607651,
eval2,42018,nominal,predictive,True,0.08339418470859528,0.12091236561536789,2.0500000000000003,1.1919863149523735,0.0034533507857122457
eval2,42018,nominal,prediction_feedback,True,0.08588999509811401,0.11899740993976593,2.1,1.2020647153258324,0.0034162359521724282
eval2,42018,nominal,contact_gated,False,0.11843252182006836,0.09053942561149597,,1.2037710472941399,0.0048587554141704455
eval2,42018,nominal,contact_gated_feedback,False,0.11843252182006836,0.09053942561149597,,1.1370955780148506,0.0056009682717558466
eval2,42018,low_friction,feedback,True,0.021738598123192787,0.18159747123718262,1.2000000000000002,0.04213958978652954,
eval2,42018,low_friction,frozen,True,0.03889264538884163,0.16257843375205994,1.4000000000000001,1.017664186656475,
eval2,42018,low_friction,replan1,False,0.20714713633060455,0.022815322503447533,,0.9493878670036793,
eval2,42018,low_friction,updated,True,0.03276491537690163,0.16742438077926636,1.35,0.9691798314452171,
eval2,42018,low_friction,predictive,False,0.1136632189154625,0.11989434063434601,1.85,1.153431311249733,0.005398149008688052
eval2,42018,low_friction,prediction_feedback,False,0.12292121350765228,0.1213187426328659,1.8,1.1630145087838173,0.005027419177349657
eval2,42018,low_friction,contact_gated,False,0.11012513190507889,0.10796573758125305,,1.1445703357458115,0.005253501982224407
eval2,42018,low_friction,contact_gated_feedback,True,0.09709228575229645,0.11080832779407501,1.9000000000000001,1.1784184724092484,0.006039746577880578
eval2,42019,nominal,feedback,True,0.04123659431934357,0.15876352787017822,1.4000000000000001,0.048000067472457886,
eval2,42019,nominal,frozen,False,0.16830222308635712,0.04195370525121689,,0.9960523620247841,
eval2,42019,nominal,replan1,False,0.18725602328777313,0.027201347053050995,,0.9346436336636543,
eval2,42019,nominal,updated,False,0.1870185285806656,0.038608111441135406,,0.972645953297615,
eval2,42019,nominal,predictive,False,0.16954700648784637,0.030456826090812683,,1.1965707689523697,0.00443387888954021
eval2,42019,nominal,prediction_feedback,False,0.22122548520565033,-0.02112935483455658,,1.1716920137405396,0.007790403657127172
eval2,42019,nominal,contact_gated,False,0.16492615640163422,0.057188503444194794,,1.0035380348563194,0.013731671497225761
eval2,42019,nominal,contact_gated_feedback,False,0.1499297171831131,0.06514013558626175,,0.9946523606777191,0.01046087018524607
eval2,42019,low_friction,feedback,True,0.008101248182356358,0.2023739069700241,1.35,0.04101891070604324,
eval2,42019,low_friction,frozen,False,0.21435104310512543,0.06694043427705765,,1.0142559185624123,
eval2,42019,low_friction,replan1,False,0.1873684525489807,0.03073667734861374,,0.9595081396400928,
eval2,42019,low_friction,updated,False,0.23188871145248413,0.033573608845472336,,0.9721100702881813,
eval2,42019,low_friction,predictive,False,0.16505888104438782,0.08991190046072006,,1.1973388120532036,0.0065962323301937435
eval2,42019,low_friction,prediction_feedback,False,0.17606617510318756,0.10606712847948074,,1.205795779824257,0.008331618534866721
eval2,42019,low_friction,contact_gated,False,0.2351602017879486,0.06449491530656815,,1.0605022683739662,0.01798302111112409
eval2,42019,low_friction,contact_gated_feedback,False,0.24227485060691833,0.09343165159225464,,1.0449806600809097,0.012079544818132289
eval2,42020,nominal,feedback,True,0.04131355136632919,0.15871483087539673,1.3,0.04093073308467865,
eval2,42020,nominal,frozen,True,0.02702591009438038,0.1730233132839203,1.4000000000000001,0.9807378798723221,
eval2,42020,nominal,replan1,True,0.028161311522126198,0.17202001810073853,1.4000000000000001,0.9548533521592617,
eval2,42020,nominal,updated,True,0.029922518879175186,0.17011862993240356,1.35,0.9962397068738937,
eval2,42020,nominal,predictive,False,0.1493823230266571,0.0506991371512413,,1.1841098964214325,0.004550809732172638
eval2,42020,nominal,prediction_feedback,False,0.12458615005016327,0.07545216381549835,,1.1773117259144783,0.006067802463658154
eval2,42020,nominal,contact_gated,True,0.025712385773658752,0.17436546087265015,1.3,1.1523789912462234,0.0015875834120379294
eval2,42020,nominal,contact_gated_feedback,True,0.025712385773658752,0.17436546087265015,1.3,1.1602912843227386,0.002507113289175322
eval2,42020,low_friction,feedback,True,0.0024120595771819353,0.2022954225540161,1.05,0.036788247525691986,
eval2,42020,low_friction,frozen,True,0.026209384202957153,0.17447063326835632,1.35,1.0021315887570381,
eval2,42020,low_friction,replan1,True,0.0400124192237854,0.15998825430870056,1.4000000000000001,0.9425804764032364,
eval2,42020,low_friction,updated,True,0.027077922597527504,0.17299354076385498,1.35,0.9981413558125496,
eval2,42020,low_friction,predictive,False,0.10753422230482101,0.09357104450464249,,1.2420878931879997,0.0043239724007435145
eval2,42020,low_friction,prediction_feedback,False,0.10720755159854889,0.09550424665212631,,1.2067244574427605,0.004870192562229932
eval2,42020,low_friction,contact_gated,True,0.025905726477503777,0.1744385063648224,1.3,1.1575677990913391,0.001694169386610156
eval2,42020,low_friction,contact_gated_feedback,True,0.01510460115969181,0.1863570511341095,1.3,1.1904627084732056,0.006070107037521666
eval2,42021,nominal,feedback,True,0.060598790645599365,0.13941359519958496,1.3,0.042337216436862946,
eval2,42021,nominal,frozen,True,0.05312400311231613,0.1470557153224945,1.3,0.9812720119953156,
eval2,42021,nominal,replan1,True,0.05695239081978798,0.14322862029075623,1.3,0.9599579498171806,
eval2,42021,nominal,updated,True,0.05687082186341286,0.14314839243888855,1.3,0.9560984000563622,
eval2,42021,nominal,predictive,False,0.209366574883461,-0.009365435689687729,,1.1586686968803406,0.005216673032846302
eval2,42021,nominal,prediction_feedback,False,0.20841482281684875,-0.008407630026340485,,1.1985190212726593,0.014331797861959785
eval2,42021,nominal,contact_gated,False,0.11993637681007385,0.08110063523054123,,1.2240364030003548,0.00509312107169535
eval2,42021,nominal,contact_gated_feedback,False,0.16422675549983978,0.03678730130195618,,1.1130285263061523,0.009997583358199336
eval2,42021,low_friction,feedback,True,0.024133913218975067,0.18088534474372864,1.25,0.040611736476421356,
eval2,42021,low_friction,frozen,True,0.017434032633900642,0.18330755829811096,1.3,0.9658436849713326,
eval2,42021,low_friction,replan1,True,0.02771756425499916,0.17275339365005493,1.35,0.9506557509303093,
eval2,42021,low_friction,updated,True,0.02243083342909813,0.17867830395698547,1.3,0.9839759394526482,
eval2,42021,low_friction,predictive,False,0.14315836131572723,0.06707144528627396,,1.1698256433010101,0.0061763681145384905
eval2,42021,low_friction,prediction_feedback,False,0.14444343745708466,0.058990880846977234,,1.1549724265933037,0.004534588202368468
eval2,42021,low_friction,contact_gated,False,0.13074316084384918,0.07002108544111252,,1.1383584141731262,0.00524974524450954
eval2,42021,low_friction,contact_gated_feedback,False,0.16249620914459229,0.038491033017635345,,1.168452724814415,0.01193733663239982
eval2,42022,nominal,feedback,True,0.04123283550143242,0.15881416201591492,1.3,0.04447028040885925,
eval2,42022,nominal,frozen,True,0.0420493558049202,0.15799599885940552,1.35,0.9743086993694305,
eval2,42022,nominal,replan1,False,0.20203787088394165,-0.0019135959446430206,,1.0071017034351826,
eval2,42022,nominal,updated,True,0.04075159877538681,0.15924900770187378,1.3,1.023683063685894,
eval2,42022,nominal,predictive,False,0.20276522636413574,-0.002765197306871414,,1.190984807908535,0.005429983983049169
eval2,42022,nominal,prediction_feedback,False,0.1981380581855774,0.0018621310591697693,,1.1427291482686996,0.009275105861015619
eval2,42022,nominal,contact_gated,False,0.15741166472434998,0.043922170996665955,,1.112249419093132,0.005178877686643425
eval2,42022,nominal,contact_gated_feedback,False,0.160530686378479,0.040241025388240814,,1.1530672013759613,0.0064916085547712795
eval2,42022,low_friction,feedback,True,0.062231142073869705,0.26222899556159973,1.0,0.037725865840911865,
eval2,42022,low_friction,frozen,True,0.04160868376493454,0.16165924072265625,1.4000000000000001,1.010696105659008,
eval2,42022,low_friction,replan1,False,0.1501767784357071,0.04984939098358154,,0.9436135180294514,
eval2,42022,low_friction,updated,True,0.030843079090118408,0.16935282945632935,1.3,0.9797662496566772,
eval2,42022,low_friction,predictive,False,0.12245091795921326,0.07903843373060226,,1.1872688308358192,0.004725143277319148
eval2,42022,low_friction,prediction_feedback,False,0.13327579200267792,0.06710696220397949,,1.1783209815621376,0.004944537575356662
eval2,42022,low_friction,contact_gated,False,0.12148071080446243,0.07853137701749802,,1.13113384693861,0.004521887504348629
eval2,42022,low_friction,contact_gated_feedback,False,0.13874106109142303,0.06134766340255737,,1.14273551851511,0.007743567779758259
eval2,42023,nominal,feedback,True,0.07342974841594696,0.12657123804092407,1.3,0.0395401194691658,
eval2,42023,nominal,frozen,True,0.06504204869270325,0.13504213094711304,1.35,0.9956159442663193,
eval2,42023,nominal,replan1,True,0.059986066073179245,0.14038386940956116,1.35,0.9448358789086342,
eval2,42023,nominal,updated,True,0.06322610378265381,0.13682037591934204,1.35,1.0447263717651367,
eval2,42023,nominal,predictive,False,0.18541526794433594,0.014587469398975372,,1.1626900359988213,0.003480180840124376
eval2,42023,nominal,prediction_feedback,False,0.18541526794433594,0.014587469398975372,,1.1438742280006409,0.012176770130172371
eval2,42023,nominal,contact_gated,True,0.06096399575471878,0.13904011249542236,1.3,1.1485331878066063,0.002544803041382693
eval2,42023,nominal,contact_gated_feedback,True,0.060066334903240204,0.1399381160736084,1.3,1.1578813195228577,0.008973605415667408
eval2,42023,low_friction,feedback,True,0.03460748493671417,0.16595396399497986,1.25,0.041424110531806946,
eval2,42023,low_friction,frozen,True,0.03203146904706955,0.16932857036590576,1.35,0.971188135445118,
eval2,42023,low_friction,replan1,True,0.03928976505994797,0.16071075201034546,1.35,0.946407038718462,
eval2,42023,low_friction,updated,True,0.06080029159784317,0.2513836622238159,1.35,0.9761999920010567,
eval2,42023,low_friction,predictive,False,0.13783808052539825,0.07453271001577377,,1.1989923939108849,0.005059308827039786
eval2,42023,low_friction,prediction_feedback,False,0.14132510125637054,0.07078694552183151,,1.1706317961215973,0.0034371113451197744
eval2,42023,low_friction,contact_gated,True,0.04686741903424263,0.15313297510147095,1.3,1.1232353374361992,0.0022330898500513285
eval2,42023,low_friction,contact_gated_feedback,True,0.033459022641181946,0.16679167747497559,1.3,1.164541207253933,0.007071910446393303
eval2,42024,nominal,feedback,True,0.04136570170521736,0.15869563817977905,1.3,0.04200048744678497,
eval2,42024,nominal,frozen,True,0.0367315411567688,0.16363200545310974,1.4000000000000001,0.9804846346378326,
eval2,42024,nominal,replan1,False,0.1973826289176941,0.004627220332622528,,0.9522220306098461,
eval2,42024,nominal,updated,True,0.03601747378706932,0.16403613984584808,1.35,0.970471166074276,
eval2,42024,nominal,predictive,True,0.0973280593752861,0.10513636469841003,2.4000000000000004,1.1575932800769806,0.0035136723011964933
eval2,42024,nominal,prediction_feedback,False,0.10132550448179245,0.10113534331321716,,1.1708702519536018,0.014870446184650063
eval2,42024,nominal,contact_gated,True,0.022940173745155334,0.17715129256248474,1.3,1.2141773104667664,0.0011688675509312337
eval2,42024,nominal,contact_gated_feedback,True,0.023197980597615242,0.17698636651039124,1.3,1.1451556533575058,0.001809015251254957
eval2,42024,low_friction,feedback,True,0.016522066667675972,0.18484370410442352,1.3,0.04467621445655823,
eval2,42024,low_friction,frozen,True,0.03489450365304947,0.16510601341724396,1.35,0.9929637610912323,
eval2,42024,low_friction,replan1,False,0.1588229387998581,0.0481201596558094,,0.9470603987574577,
eval2,42024,low_friction,updated,True,0.03429141640663147,0.16578631103038788,1.35,0.9729611501097679,
eval2,42024,low_friction,predictive,False,0.10405076295137405,0.1173279881477356,1.9000000000000001,1.1423936486244202,0.005172873876872473
eval2,42024,low_friction,prediction_feedback,False,0.11234468966722488,0.11276478320360184,1.8,1.2050778046250343,0.0061315955687314275
eval2,42024,low_friction,contact_gated,True,0.020845554769039154,0.17963017523288727,1.3,1.14897221326828,0.001383508653050644
eval2,42024,low_friction,contact_gated_feedback,True,0.012437956407666206,0.18929530680179596,1.3,1.1986440792679787,0.0021818216620503286
eval2,42025,nominal,feedback,True,0.04128548130393028,0.15871724486351013,1.3,0.04087138921022415,
eval2,42025,nominal,frozen,True,0.03981446847319603,0.16054674983024597,1.35,0.9995108470320702,
eval2,42025,nominal,replan1,False,0.17308339476585388,0.0340513177216053,,0.9373222850263119,
eval2,42025,nominal,updated,True,0.037279482930898666,0.16281750798225403,1.35,0.973663441836834,
eval2,42025,nominal,predictive,True,0.08798642456531525,0.12870906293392181,1.9000000000000001,1.1927320435643196,0.003923223671154119
eval2,42025,nominal,prediction_feedback,True,0.09019359201192856,0.12028171122074127,2.15,1.1469275504350662,0.004922269320813939
eval2,42025,nominal,contact_gated,False,0.12035775929689407,0.08641624450683594,,1.1126742139458656,0.004519780834303482
eval2,42025,nominal,contact_gated_feedback,False,0.12035775929689407,0.08641624450683594,,1.1442001909017563,0.007498856266274264
eval2,42025,low_friction,feedback,True,0.01932327076792717,0.18447530269622803,1.25,0.042531900107860565,
eval2,42025,low_friction,frozen,True,0.04161997139453888,0.1601758897304535,1.35,1.0410230234265327,
eval2,42025,low_friction,replan1,False,0.1619485765695572,0.054899703711271286,,0.9327046573162079,
eval2,42025,low_friction,updated,True,0.03870769962668419,0.1615726351737976,1.35,1.0032854229211807,
eval2,42025,low_friction,predictive,False,0.14712944626808167,0.114264577627182,1.8,1.1484315246343613,0.006729462717776187
eval2,42025,low_friction,prediction_feedback,False,0.1223430261015892,0.1177835762500763,1.85,1.1824080720543861,0.0037280618655495344
eval2,42025,low_friction,contact_gated,False,0.20950280129909515,0.0691121369600296,,1.1472925916314125,0.01057011156808585
eval2,42025,low_friction,contact_gated_feedback,True,0.09598004072904587,0.11354885995388031,1.8,1.1815277487039566,0.008444744891389027
eval2,42026,nominal,feedback,True,0.04125846177339554,0.15874212980270386,1.35,0.044145844876766205,
eval2,42026,nominal,frozen,False,0.11787855625152588,0.09477797150611877,,0.9717899188399315,
eval2,42026,nominal,replan1,False,0.16497614979743958,0.035188380628824234,,0.948435366153717,
eval2,42026,nominal,updated,False,0.17807309329509735,0.02544228360056877,,1.0253188014030457,
eval2,42026,nominal,predictive,True,0.07075460255146027,0.13592806458473206,1.7000000000000002,1.1438054963946342,0.0032780252982047386
eval2,42026,nominal,prediction_feedback,True,0.07081320881843567,0.1361149251461029,1.7000000000000002,1.1541751027107239,0.0037465370749123397
eval2,42026,nominal,contact_gated,False,0.1220368966460228,0.08125299215316772,,1.0576504841446877,0.00802467844914645
eval2,42026,nominal,contact_gated_feedback,False,0.11805444955825806,0.08325350284576416,,1.0882525891065598,0.0046381251110384865
eval2,42026,low_friction,feedback,True,0.012850579805672169,0.18715587258338928,1.35,0.04241093993186951,
eval2,42026,low_friction,frozen,False,0.14567086100578308,0.06608439236879349,,0.9814872965216637,
eval2,42026,low_friction,replan1,False,0.15017598867416382,0.054072700440883636,,0.9423532895743847,
eval2,42026,low_friction,updated,False,0.13999788463115692,0.06696631014347076,,1.00694689899683,
eval2,42026,low_friction,predictive,True,0.09233608841896057,0.1345335990190506,1.35,1.2186864018440247,0.005109056346700527
eval2,42026,low_friction,prediction_feedback,True,0.09640298783779144,0.12476778030395508,1.6500000000000001,1.1653275042772293,0.003708502685185522
eval2,42026,low_friction,contact_gated,False,0.10298682749271393,0.10781008750200272,,1.0589691624045372,0.012359429577675959
eval2,42026,low_friction,contact_gated_feedback,True,0.08903771638870239,0.128877654671669,2.35,1.1175806820392609,0.007522444160153659
eval2,42027,nominal,feedback,True,0.041260167956352234,0.1587437093257904,1.3,0.04125889390707016,
eval2,42027,nominal,frozen,True,0.025556568056344986,0.1753290295600891,1.3,0.9743796288967133,
eval2,42027,nominal,replan1,True,0.027880964800715446,0.17578139901161194,1.3,0.9373089298605919,
eval2,42027,nominal,updated,True,0.025386590510606766,0.17533168196678162,1.3,0.98793625831604,
eval2,42027,nominal,predictive,False,0.11908020079135895,0.09862720221281052,,1.1455202102661133,0.004050097712315619
eval2,42027,nominal,prediction_feedback,False,0.12740105390548706,0.09471481293439865,,1.2111105024814606,0.007602867921814322
eval2,42027,nominal,contact_gated,True,0.046694256365299225,0.1546068787574768,1.3,1.186695359647274,0.0020018584182253107
eval2,42027,nominal,contact_gated_feedback,False,0.16830918192863464,0.04089302569627762,,1.0957474261522293,0.013361092137139556
eval2,42027,low_friction,feedback,True,0.010682405903935432,0.19016870856285095,1.3,0.04296477884054184,
eval2,42027,low_friction,frozen,True,0.02265603467822075,0.18076986074447632,1.3,0.9850192070007324,
eval2,42027,low_friction,replan1,True,0.0371306873857975,0.16726940870285034,1.5,0.9456652775406837,
eval2,42027,low_friction,updated,True,0.012094092555344105,0.18796631693840027,1.3,0.9762830287218094,
eval2,42027,low_friction,predictive,False,0.16569504141807556,0.07736330479383469,,1.1506269499659538,0.006108164845500141
eval2,42027,low_friction,prediction_feedback,False,0.17946438491344452,0.08626420050859451,,1.188308335840702,0.008190300716087222
eval2,42027,low_friction,contact_gated,False,0.31584692001342773,0.26635000109672546,,1.00579135119915,0.019218426241423003
eval2,42027,low_friction,contact_gated_feedback,True,0.02933403290808201,0.1714295744895935,1.25,1.1970556899905205,0.007234107641852461
eval2,42028,nominal,feedback,True,0.04127293825149536,0.15872883796691895,1.3,0.04174206405878067,
eval2,42028,nominal,frozen,True,0.036095112562179565,0.16392388939857483,1.35,0.9815637767314911,
eval2,42028,nominal,replan1,False,0.19804055988788605,0.0022646337747573853,,0.9549824893474579,
eval2,42028,nominal,updated,True,0.03662502020597458,0.16340264678001404,1.35,0.9810405224561691,
eval2,42028,nominal,predictive,False,0.2034858912229538,-0.0034853555262088776,,1.1366509273648262,0.005376390927849571
eval2,42028,nominal,prediction_feedback,False,0.14792826771736145,0.05234398692846298,,1.1728017032146454,0.003840307821519673
eval2,42028,nominal,contact_gated,False,0.17043541371822357,0.030536547303199768,,1.1212588474154472,0.005237682024016976
eval2,42028,nominal,contact_gated_feedback,False,0.1683254837989807,0.032083503901958466,,1.1107289418578148,0.013975702815086526
eval2,42028,low_friction,feedback,True,0.01176354382187128,0.20520555973052979,1.05,0.04137445241212845,
eval2,42028,low_friction,frozen,True,0.02771003544330597,0.1726539134979248,1.35,1.0303975269198418,
eval2,42028,low_friction,replan1,False,0.14695166051387787,0.05306735634803772,,0.9596472233533859,
eval2,42028,low_friction,updated,True,0.025552889332175255,0.1755579710006714,1.3,0.9740478172898293,
eval2,42028,low_friction,predictive,False,0.12911714613437653,0.07098570466041565,,1.1643985658884048,0.00487891737735481
eval2,42028,low_friction,prediction_feedback,False,0.12349496781826019,0.08067124336957932,,1.1713335290551186,0.004951332146301866
eval2,42028,low_friction,contact_gated,False,0.11150767654180527,0.08851815015077591,,1.1463377624750137,0.004835092480061576
eval2,42028,low_friction,contact_gated_feedback,True,0.08664140850305557,0.13306379318237305,1.75,1.1436855792999268,0.010076011915225535
eval2,42029,nominal,feedback,True,0.04125961661338806,0.1587439775466919,1.3,0.04204530268907547,
eval2,42029,nominal,frozen,True,0.03243474289774895,0.16780969500541687,1.35,0.9786488115787506,
eval2,42029,nominal,replan1,True,0.03414413705468178,0.16664546728134155,1.35,0.9692910313606262,
eval2,42029,nominal,updated,True,0.032351914793252945,0.16764962673187256,1.35,0.9996126219630241,
eval2,42029,nominal,predictive,False,0.11797931045293808,0.0933767631649971,,1.1488142237067223,0.0034780692134518177
eval2,42029,nominal,prediction_feedback,False,0.1073479950428009,0.11638662219047546,,1.1880548298358917,0.00647597094764933
eval2,42029,nominal,contact_gated,False,0.13134299218654633,0.0721035897731781,,1.158466413617134,0.004782688645516626
eval2,42029,nominal,contact_gated_feedback,False,0.15871131420135498,0.04392614588141441,,1.143195629119873,0.010854420384728454
eval2,42029,low_friction,feedback,True,0.01524018868803978,0.1915416717529297,1.3,0.04194788634777069,
eval2,42029,low_friction,frozen,True,0.031023776158690453,0.17025843262672424,1.35,0.9996449947357178,
eval2,42029,low_friction,replan1,True,0.0352906696498394,0.1663765013217926,1.35,0.9511799924075603,
eval2,42029,low_friction,updated,True,0.031209556385874748,0.17109549045562744,1.3,0.9703835099935532,
eval2,42029,low_friction,predictive,False,0.13526833057403564,0.10175342857837677,,1.2432721629738808,0.0050725238618906585
eval2,42029,low_friction,prediction_feedback,False,0.17274968326091766,0.09422709047794342,,1.1568579450249672,0.006553052903618664
eval2,42029,low_friction,contact_gated,True,0.09805791079998016,0.11120519042015076,1.9500000000000002,1.1059873923659325,0.0063948385435842765
eval2,42029,low_friction,contact_gated_feedback,False,0.11800484359264374,0.08315295726060867,,1.101529337465763,0.015252703525281202
eval2,42030,nominal,feedback,True,0.04131146892905235,0.1586916446685791,1.3,0.04048295319080353,
eval2,42030,nominal,frozen,True,0.04673376306891441,0.15327098965644836,1.4000000000000001,1.0033274441957474,
eval2,42030,nominal,replan1,False,0.19463545083999634,0.007019879296422005,,0.9352966211736202,
eval2,42030,nominal,updated,True,0.0404425747692585,0.15955764055252075,1.35,0.981040857732296,
eval2,42030,nominal,predictive,False,0.10927343368530273,0.09154598414897919,,1.184423640370369,0.003354766262928024
eval2,42030,nominal,prediction_feedback,False,0.12621083855628967,0.0779736191034317,,1.2116022408008575,0.008973419163376094
eval2,42030,nominal,contact_gated,False,0.16308529675006866,0.03875226154923439,,1.1123010888695717,0.004832633726376419
eval2,42030,nominal,contact_gated_feedback,False,0.16308529675006866,0.03875226154923439,,1.1218983680009842,0.0053559718905792884
eval2,42030,low_friction,feedback,True,0.015343605540692806,0.1879309117794037,1.3,0.03755655139684677,
eval2,42030,low_friction,frozen,True,0.04283063858747482,0.157169371843338,1.4000000000000001,0.9971696883440018,
eval2,42030,low_friction,replan1,False,0.16236566007137299,0.04646744579076767,,0.9459321945905685,
eval2,42030,low_friction,updated,True,0.04071576148271561,0.15929105877876282,1.35,0.9812100976705551,
eval2,42030,low_friction,predictive,True,0.09913429617881775,0.10113104432821274,2.5,1.2020737677812576,0.00371499157656217
eval2,42030,low_friction,prediction_feedback,True,0.08693710714578629,0.11391030251979828,2.0,1.1912447586655617,0.011106974557042121
eval2,42030,low_friction,contact_gated,False,0.10236023366451263,0.10610714554786682,,1.1488617956638336,0.005174998800794128
eval2,42030,low_friction,contact_gated_feedback,False,0.14173731207847595,0.06047280132770538,,1.2395184859633446,0.008751917074397696
eval2,42031,nominal,feedback,True,0.04130743071436882,0.1586926281452179,1.3,0.04408780485391617,
eval2,42031,nominal,frozen,False,0.19496792554855347,0.005202029831707478,,0.9818575531244278,
eval2,42031,nominal,replan1,False,0.1479969620704651,0.05257271230220795,,0.9330669790506363,
eval2,42031,nominal,updated,False,0.1911223977804184,0.009439188987016678,,0.9658919647336006,
eval2,42031,nominal,predictive,False,0.11611002683639526,0.08395063877105713,,1.1737321689724922,0.004329264461994171
eval2,42031,nominal,prediction_feedback,False,0.11913340538740158,0.08102278411388397,,1.1571110412478447,0.008526638341136277
eval2,42031,nominal,contact_gated,False,0.1646432727575302,0.03651953861117363,,1.12900260835886,0.005232520358587958
eval2,42031,nominal,contact_gated_feedback,False,0.16514737904071808,0.03602193295955658,,1.1298450827598572,0.0055269427462726044
eval2,42031,low_friction,feedback,True,0.008961676619946957,0.19906547665596008,1.3,0.037788935005664825,
eval2,42031,low_friction,frozen,False,0.12708479166030884,0.07300102710723877,,1.0732900351285934,
eval2,42031,low_friction,replan1,False,0.16577166318893433,0.041867438703775406,,0.9517318941652775,
eval2,42031,low_friction,updated,False,0.1465442031621933,0.053456149995326996,,0.9755153954029083,
eval2,42031,low_friction,predictive,False,0.10097198933362961,0.0994487777352333,,1.3378997147083282,0.0035347758093848825
eval2,42031,low_friction,prediction_feedback,False,0.10329828411340714,0.09824635833501816,,1.2012216448783875,0.009135074545629323
eval2,42031,low_friction,contact_gated,False,0.10135786235332489,0.10723505914211273,,1.1747758090496063,0.005259853150499494
eval2,42031,low_friction,contact_gated_feedback,False,0.10135786235332489,0.10723505914211273,,1.188265047967434,0.004905222807888333
