task,seed,route,trace,sha256,steps,initial_metric,initial_success,goal_pose_metric,goal_pose_success,final_metric,best_metric,final_success,any_success,object_xy_displacement,object_yaw_change,elapsed_seconds,push_phase_steps
push_t,46000,hold,push_t_46000_hold.npz,b810886502e77a4a59f4d2e99421540e1a9e7073e112691e4690efd27d248d08,100,0.18303030729293823,False,0.9478787779808044,True,0.18303030729293823,0.18303030729293823,False,False,3.332000986233652e-08,7.450523076268922e-08,0.16363886091858149,0
push_t,46000,feedback,push_t_46000_feedback.npz,2c7ed6fafbc223b8bec0a2cab2f0bd1f5b648fa4e25c7d432e5b56a4f092fd5b,100,0.18303030729293823,False,0.9478787779808044,True,0.18060606718063354,0.18424242734909058,False,False,5.6693348597036675e-05,0.0001234833202728991,0.17805806268006563,41
push_t,46000,fixed_reference,push_t_46000_fixed_reference.npz,2e9bcd64944f5a684fc464ae922c1a8767d77830e4ef76ec62c3ded3a5bab9d7,100,0.18303030729293823,False,0.9478787779808044,True,0.18060606718063354,0.18424242734909058,False,False,5.680667527485639e-05,0.00012193929835724315,0.17777476273477077,41
push_t,46001,hold,push_t_46001_hold.npz,c99e0840bee88846cd01ccca2f37aa11728fef31dd8d7a630db140b82e335d0e,100,0.3648484945297241,False,0.9478787779808044,True,0.3648484945297241,0.3648484945297241,False,False,4.71216097253091e-08,3.0534917594415845e-08,0.1640787860378623,0
push_t,46001,feedback,push_t_46001_feedback.npz,2533fda2d4a8fff215a3f0374f36248d6bf65cefa73fd48e985e24fa60ee9b31,100,0.3648484945297241,False,0.9478787779808044,True,0.36000001430511475,0.3733333349227905,False,False,0.0041012088768184185,0.023148421445414014,0.17585264518857002,29
push_t,46001,fixed_reference,push_t_46001_fixed_reference.npz,a58312ec5ff31c5f44396a9f6a89439558ba77bf1fd680452e102491dbcd4965,100,0.3648484945297241,False,0.9478787779808044,True,0.36606061458587646,0.3733333349227905,False,False,0.0024666565004736185,0.013348922115907269,0.17476761899888515,29
push_t,46002,hold,push_t_46002_hold.npz,9ee989f14bdc2d2095397833e545bb762a1cdfa7798981cfe7ae86421c6c1713,100,0.2933333218097687,False,0.9478787779808044,True,0.2933333218097687,0.2933333218097687,False,False,2.107342389479072e-08,1.3164900547479874e-07,0.1619463413953781,0
push_t,46002,feedback,push_t_46002_feedback.npz,f2d2f61079a15ea2479fe5be3f6d22bd5b12c56f6c383b3a809cdd1858271ddc,100,0.2933333218097687,False,0.9478787779808044,True,0.35151514410972595,0.43878787755966187,False,False,0.08753365278244019,0.02115318655627929,0.17745774425566196,29
push_t,46002,fixed_reference,push_t_46002_fixed_reference.npz,8de688e2fd33705aeb22cc1d33c140c78c7283a8cebadc96b200f491ee689f40,100,0.2933333218097687,False,0.9478787779808044,True,0.3612121343612671,0.3612121343612671,False,False,0.03859742358326912,0.02689887463224583,0.17586929257959127,29
push_t,46003,hold,push_t_46003_hold.npz,962999e7fdd758bf47259c80c4b44c09f40b2bf6269d36f4d4616027f75fb158,100,0.3672727346420288,False,0.9478787779808044,True,0.3672727346420288,0.3672727346420288,False,False,8.024520781191313e-08,8.42598418815399e-08,0.16553218569606543,0
push_t,46003,feedback,push_t_46003_feedback.npz,66bd8ea2c2a1f9036b26696ee91b93533a489fd1b8896a97b798e53e16864a73,100,0.3672727346420288,False,0.9478787779808044,True,0.3733333349227905,0.37454545497894287,False,False,0.0006795496447011828,1.9332693170559523e-05,0.17444907873868942,24
push_t,46003,fixed_reference,push_t_46003_fixed_reference.npz,d86e1f4a7ecbf3ae7d6eb4c8b62338672cddae3d4bc1bdedeb218bd1e9a5dce1,100,0.3672727346420288,False,0.9478787779808044,True,0.37454545497894287,0.37454545497894287,False,False,0.0006473292014561594,0.0002957586068399465,0.1752285249531269,24
push_t,46004,hold,push_t_46004_hold.npz,8970774751bd032f01c28f762964ebe99d21b57f2ccecabcb2e9afa08daaad9b,100,0.46303030848503113,False,0.9478787779808044,True,0.46303030848503113,0.46303030848503113,False,False,3.725290298461914e-08,6.208620118020036e-08,0.16188792791217566,0
push_t,46004,feedback,push_t_46004_feedback.npz,2d1a581f5591b9cd3abdcd97f1e61ab1b89a8729b2c8fc42142bb58f57992122,100,0.46303030848503113,False,0.9478787779808044,True,0.7503030300140381,0.7503030300140381,False,False,0.030756590887904167,0.05830152374012176,0.17632033117115498,39
push_t,46004,fixed_reference,push_t_46004_fixed_reference.npz,0506dd60bb286babfa4dd0e9c91056826b3196d70a04e1088743b73c99a29823,100,0.46303030848503113,False,0.9478787779808044,True,0.46424242854118347,0.46424242854118347,False,False,9.84443468041718e-05,0.0013649283408114776,0.17227513622492552,39
push_t,46005,hold,push_t_46005_hold.npz,45392b8113d496aec1afaac435af13d2adfeb4ce7c0c09e41a7640cce67d3114,100,0.2969697117805481,False,0.9478787779808044,True,0.2969697117805481,0.2969697117805481,False,False,7.679882507716229e-09,2.442515660838751e-07,0.1596167730167508,0
push_t,46005,feedback,push_t_46005_feedback.npz,bb0f071eca0915c6ce606d67e635126a700ad2dabcbc6036a63a20517d85c81d,100,0.2969697117805481,False,0.9478787779808044,True,0.3224242329597473,0.32363635301589966,False,False,0.013412893749773502,0.02564894450509847,0.17567443009465933,55
push_t,46005,fixed_reference,push_t_46005_fixed_reference.npz,a06fe2c494d70763185e293dd9a18bc6ba668d46db1c945f03cbf1ffc8f2f188,100,0.2969697117805481,False,0.9478787779808044,True,0.3333333432674408,0.33454546332359314,False,False,0.015213673934340477,0.03173737585553593,0.17736210953444242,55
push_t,46006,hold,push_t_46006_hold.npz,8507544783e1806bdd4514326e918f56a9db4ded84c961d17a4541c343793c6c,100,0.17454545199871063,False,0.9478787779808044,True,0.17454545199871063,0.17454545199871063,False,False,1.493023660259496e-08,1.4853615670773479e-08,0.15890209842473269,0
push_t,46006,feedback,push_t_46006_feedback.npz,39ca6446f58dfbdb07f10cc4639ed4f5b19ecd9eb215cb4404ea207523c30540,100,0.17454545199871063,False,0.9478787779808044,True,0.5066666603088379,0.5321212410926819,False,False,0.1155933365225792,0.05830638156794299,0.17334626615047455,59
push_t,46006,fixed_reference,push_t_46006_fixed_reference.npz,50de85e2df686ff4131b3a28a51a1aa5c8d1d30ec0e136224114d75dd3214614,100,0.17454545199871063,False,0.9478787779808044,True,0.41818180680274963,0.5187878608703613,False,False,0.12396788597106934,0.40035465583554863,0.17336740624159575,59
push_t,46007,hold,push_t_46007_hold.npz,428f4558eaedc0f45cef6c7c1a5a6f312978ec2fe4f139ea152af7c9d48fd9e4,100,0.16484849154949188,False,0.9478787779808044,True,0.16484849154949188,0.16484849154949188,False,False,7.450580596923828e-09,5.7195192582071286e-08,0.15889496728777885,0
push_t,46007,feedback,push_t_46007_feedback.npz,b07f8ffe213c8f73835438bda36b09cdf836d6845e47ee261077cc5c9be4ce95,100,0.16484849154949188,False,0.9478787779808044,True,0.15515151619911194,0.1709090918302536,False,False,0.042192865163087845,5.884728733800454,0.17314686998724937,56
push_t,46007,fixed_reference,push_t_46007_fixed_reference.npz,087dd46856483b4a78e442bc7aa4b1bf053dca882967e8f4e4e46e967dd83191,100,0.16484849154949188,False,0.9478787779808044,True,0.15272727608680725,0.1709090918302536,False,False,0.042250946164131165,5.88907404817841,0.17346172500401735,56
roll_ball,46000,hold,roll_ball_46000_hold.npz,747d9d1c571901ca78b885819ab47aec32e64ad605c3c0187e01f4a6a17cd95c,80,1.5304052829742432,False,0.0,True,1.5304052829742432,1.5304052829742432,False,False,0.0,1.609121447205372e-10,0.09257903322577477,0
roll_ball,46000,feedback,roll_ball_46000_feedback.npz,81f18a0db3328e9cb054219dd2c2d25cd5f72aacb8fb7351d0652eff56293dc6,80,1.5304052829742432,False,0.0,True,1.5304052829742432,1.5304052829742432,False,False,0.0,7.194969620379355e-10,0.10360994469374418,42
roll_ball,46000,fixed_reference,roll_ball_46000_fixed_reference.npz,81f18a0db3328e9cb054219dd2c2d25cd5f72aacb8fb7351d0652eff56293dc6,80,1.5304052829742432,False,0.0,True,1.5304052829742432,1.5304052829742432,False,False,0.0,7.194969620379355e-10,0.1039337133988738,42
roll_ball,46001,hold,roll_ball_46001_hold.npz,e21880bbd915480e05e5cba4552a388267118981ffaf89860572250c6daabf3b,80,1.4530856609344482,False,0.0,True,1.4530856609344482,1.4530856609344482,False,False,0.0,1.4979848958485184e-11,0.08979909401386976,0
roll_ball,46001,feedback,roll_ball_46001_feedback.npz,bdc37bd5f51c4878c1ad089072349419324a4df31ab0f2587ee96ea2b3412024,80,1.4530856609344482,False,0.0,True,1.4530856609344482,1.4530856609344482,False,False,0.0,5.3880868516877075e-11,0.10481552593410015,44
roll_ball,46001,fixed_reference,roll_ball_46001_fixed_reference.npz,bdc37bd5f51c4878c1ad089072349419324a4df31ab0f2587ee96ea2b3412024,80,1.4530856609344482,False,0.0,True,1.4530856609344482,1.4530856609344482,False,False,0.0,5.3880868516877075e-11,0.10263084527105093,44
roll_ball,46002,hold,roll_ball_46002_hold.npz,6e4be5e398911b2881dbfd404a665a23d006c2c37821d4cc23d6962ee1608651,80,1.3730697631835938,False,0.0,True,1.3730697631835938,1.3730697631835938,False,False,2.0116567611694336e-07,2.3184035247663457e-10,0.09125450812280178,0
roll_ball,46002,feedback,roll_ball_46002_feedback.npz,183f368fe247a1c00f581dbcc76fbbb19bec043924baf53337c0cb5c490e7cbc,80,1.3730697631835938,False,0.0,True,1.3730695247650146,1.3730695247650146,False,False,9.033828973770142e-07,1.6471742865228916e-09,0.1032406110316515,44
roll_ball,46002,fixed_reference,roll_ball_46002_fixed_reference.npz,0f8ab8480c37d672d05675d451c3a6ba13605582a763558fb25644f6e92b5579,80,1.3730697631835938,False,0.0,True,1.3730695247650146,1.3730695247650146,False,False,9.033828973770142e-07,1.6471742865228916e-09,0.1029454106464982,44
roll_ball,46003,hold,roll_ball_46003_hold.npz,7deb11e91e61a9a3bcc2bede47d4882f83301175c885d10abb734a9cdfcb66d2,80,1.4219826459884644,False,0.0,True,1.4219826459884644,1.4219826459884644,False,False,0.0,5.414378797739735e-13,0.09086043294519186,0
roll_ball,46003,feedback,roll_ball_46003_feedback.npz,55ead5321e35f18dcfdc6c09f75c2c08e938edc69dd1143208584d2b5ce6a9f9,80,1.4219826459884644,False,0.0,True,1.4219826459884644,1.4219826459884644,False,False,0.0,1.2633167949276914e-11,0.10202979296445847,47
roll_ball,46003,fixed_reference,roll_ball_46003_fixed_reference.npz,55ead5321e35f18dcfdc6c09f75c2c08e938edc69dd1143208584d2b5ce6a9f9,80,1.4219826459884644,False,0.0,True,1.4219826459884644,1.4219826459884644,False,False,0.0,1.2633167949276914e-11,0.1019721133634448,47
roll_ball,46004,hold,roll_ball_46004_hold.npz,cea1c99f10bf13f898c06c14c8057cdbc6186eb9818a1aa07cd9536989a58a7c,80,1.402620792388916,False,0.0,True,1.402620792388916,1.402620792388916,False,False,0.0,2.8654151534173438e-12,0.09074532520025969,0
roll_ball,46004,feedback,roll_ball_46004_feedback.npz,ec2e69af83d448a85a2ce6343043698ad70da19eebfc1f85e00620d982532b09,80,1.402620792388916,False,0.0,True,1.402620792388916,1.402620792388916,False,False,0.0,2.8836348239906355e-11,0.10442830342799425,42
roll_ball,46004,fixed_reference,roll_ball_46004_fixed_reference.npz,ec2e69af83d448a85a2ce6343043698ad70da19eebfc1f85e00620d982532b09,80,1.402620792388916,False,0.0,True,1.402620792388916,1.402620792388916,False,False,0.0,2.8836348239906355e-11,0.1020626537501812,42
roll_ball,46005,hold,roll_ball_46005_hold.npz,75376fca02b6074e407a2aea684670ddb25a9a1ec513716be2d06651f11a3372,80,1.5067613124847412,False,0.0,True,1.5067613124847412,1.5067613124847412,False,False,4.805624485015869e-07,1.2391073723986455e-09,0.09059261064976454,0
roll_ball,46005,feedback,roll_ball_46005_feedback.npz,d54a3c15cf3ec499319efa3637ef9f43fee882543dc59a64a2f2f908b90eb160,80,1.5067613124847412,False,0.0,True,1.4089102745056152,1.4089102745056152,False,False,0.09793616086244583,0.5448823201760344,0.10686059016734362,24
roll_ball,46005,fixed_reference,roll_ball_46005_fixed_reference.npz,fd5445366d6c4585d7d4f1d1d82044df001064f3ea3bce25575446b90cb086c7,80,1.5067613124847412,False,0.0,True,1.4158920049667358,1.4158920049667358,False,False,0.09087499231100082,0.6109218539466773,0.10667775012552738,24
roll_ball,46006,hold,roll_ball_46006_hold.npz,6ef534108219c1ac53f04bf219ff5976a9015a7d6291b290211a688bf98e90cb,80,1.454465627670288,False,0.0,True,1.454465627670288,1.454465627670288,False,False,0.0,7.914451038983606e-11,0.08989394269883633,0
roll_ball,46006,feedback,roll_ball_46006_feedback.npz,b334d0b27fba28c8c27d64ae5b718b3310fe69681f2c0558f1392ddde1bb3985,80,1.454465627670288,False,0.0,True,1.454465627670288,1.454465627670288,False,False,0.0,7.914451038983606e-11,0.09929198399186134,0
roll_ball,46006,fixed_reference,roll_ball_46006_fixed_reference.npz,b334d0b27fba28c8c27d64ae5b718b3310fe69681f2c0558f1392ddde1bb3985,80,1.454465627670288,False,0.0,True,1.454465627670288,1.454465627670288,False,False,0.0,7.914451038983606e-11,0.099833601154387,0
roll_ball,46007,hold,roll_ball_46007_hold.npz,f1be10f4d3f394647a59c60add272c5ed9d818c4deb4f7dde7beeed47961e5e6,80,1.4693537950515747,False,0.0,True,1.4693537950515747,1.4693537950515747,False,False,5.345791578292847e-07,8.940389541012569e-10,0.09001847635954618,0
roll_ball,46007,feedback,roll_ball_46007_feedback.npz,3754e00272a5558e52e3221ebb32aca73bfb313c692696f98c58b22d5b9b7736,80,1.4693537950515747,False,0.0,True,1.4693536758422852,1.4693536758422852,False,False,8.121132850646973e-07,1.625356072534377e-09,0.1041752565652132,0
roll_ball,46007,fixed_reference,roll_ball_46007_fixed_reference.npz,3a52f3623b0f6b9942d592062ecdf270d8c50db23cb972197709891d976d38c6,80,1.4693537950515747,False,0.0,True,1.4693536758422852,1.4693536758422852,False,False,8.121132850646973e-07,1.625356072534377e-09,0.10158177744597197,0
